6.9431e-08,2.09431e-07,1.59431e-07,1.28181e-07,9.9431e-08,6.9431e-08,5.8431e-08,4.4431e-08,3.5681e-08,3.06074705882353e-08,2.62167142857143e-08,2.77643333333333e-08,1.64898235294118e-08,1.48855454545454e-08,9.20372727272727e-09,4.19290476190475e-09,-3.06899999999999e-09,4.25242857142856e-09,1.42524285714286e-08,-1.43106896551723e-09,3.00242857142858e-09,-1.5412222222222e-09,-2.8328571428571e-10,-1.0569e-08,-1.26523333333333e-08,-1.54499523809524e-08,-1.30080243902439e-08,-1.5944e-08,-1.27429130434783e-08,-8.47597674418604e-09,-7.76899999999999e-09,-3.90233333333332e-09,-1.12072978723404e-08,-7.49207692307695e-09,-6.37257142857141e-09,-1.62832857142857e-08,-8.46373684210526e-09,-6.64042857142855e-09,-7.98835483870968e-09,-4.21306779661015e-09,-4.05384848484848e-09,-6.13351612903225e-09,-4.28112121212122e-09,-6.00378260869565e-09,-4.43263636363638e-09,-5.08288888888888e-09,-1.87334782608696e-09,-5.37163157894735e-09,-2.27952631578947e-09,-4.34771812080536e-10,1.30122900763362e-09
9.6816e-08,1.51816e-07,1.20149333333333e-07,9.9316e-08,1.09941e-07,7.1816e-08,6.8816e-08,6.2816e-08,2.97326666666667e-08,2.44630588235294e-08,4.00302857142857e-08,4.57048888888889e-08,2.97571764705882e-08,2.9316e-08,1.20432727272727e-08,1.01493333333333e-08,1.16374285714286e-08,4.4945714285714e-09,5.92314285714285e-09,-9.73572413793106e-09,-1.08625714285714e-08,-4.06222222222212e-10,-3.18400000000001e-09,-5.96177777777778e-09,-1.3184e-08,-1.04459047619047e-08,-1.69644878048781e-08,-1.9559e-08,-1.68796521739131e-08,-1.3184e-08,-9.58400000000001e-09,-1.3184e-08,-1.88222978723404e-08,-1.25109230769231e-08,-1.48804285714286e-08,-2.0059e-08,-1.87103157894737e-08,-1.14875714285714e-08,-2.16517419354839e-08,-1.48789152542373e-08,-1.03809696969697e-08,-9.87754838709679e-09,-1.35627878787879e-08,-8.90863768115941e-09,-5.53248484848485e-09,-4.434e-09,-4.12602898550726e-09,4.44757894736841e-09,1.81599999999999e-09,4.064322147651e-09,7.38851908396946e-09
1.27504e-07,1.47504e-07,8.91706666666667e-08,3.8754e-08,3.6254e-08,2.32182857142857e-08,1.5504e-08,2.7004e-08,2.04206666666667e-08,2.77981176470588e-08,1.7504e-08,1.52817777777778e-08,1.72098823529412e-08,1.68221818181818e-08,4.09490909090908e-09,3.6944761904762e-09,2.68257142857141e-09,2.32542857142858e-09,6.61114285714286e-09,-8.53048275862069e-09,-6.96028571428571e-09,-7.35711111111109e-09,4.36114285714285e-09,2.3651111111111e-09,4.44844444444444e-09,1.55161904761903e-09,-6.76429268292685e-09,-1.1496e-08,-8.14817391304346e-09,-9.70530232558139e-09,-6.29599999999999e-09,-6.14183333333333e-09,-1.16449361702128e-08,-6.63061538461538e-09,-5.35314285714286e-09,-1.36567142857143e-08,-6.70652631578948e-09,-5.7102857142857e-09,-7.8992258064516e-09,-8.93667796610171e-09,-7.19296969696968e-09,-5.88309677419354e-09,-6.43539393939394e-09,-5.03223188405795e-09,-7.11721212121213e-09,-8.32933333333334e-09,-1.04672463768113e-09,-1.70652631578948e-09,1.31978947368421e-09,3.56348993288589e-10,5.7864427480916e-09
3.21071e-07,2.36071e-07,1.44404333333333e-07,1.29821e-07,9.4196e-08,7.6071e-08,6.7071e-08,5.2071e-08,4.7321e-08,3.13651176470589e-08,2.71424285714286e-08,2.57932222222223e-08,2.69533529411765e-08,2.67528181818182e-08,1.44800909090909e-08,8.21385714285717e-09,3.03528571428576e-09,1.7321e-08,1.14281428571429e-08,-2.37727586206893e-09,-1.42899999999995e-09,-3.37344444444442e-09,-4.21471428571425e-09,-4.01111111110801e-11,-7.12344444444441e-09,-8.33376190476188e-09,-1.47826585365854e-08,-1.9054e-08,-1.34942173913043e-08,-1.03243488372093e-08,-9.32899999999996e-09,-5.07483333333329e-09,-1.53119787234043e-08,-6.62130769230768e-09,-4.28614285714284e-09,-1.3929e-08,-1.41921578947368e-08,-6.78614285714282e-09,-1.73160967741935e-08,-1.78273050847458e-08,-1.32471818181818e-08,-8.12254838709673e-09,-5.44415151515149e-09,-5.88552173913041e-09,-8.09566666666665e-09,-6.29011111111107e-09,5.65072463768408e-11,3.96573684210533e-09,8.24205263157898e-09,4.62804697986581e-09,3.3610763358779e-09
1.00871e-07,1.00871e-07,7.0871e-08,5.5871e-08,5.5871e-08,2.22995714285714e-08,2.9371e-08,4.0871e-08,1.3371e-08,1.99886470588236e-08,3.01567142857143e-08,2.78154444444444e-08,2.85180588235294e-08,1.8371e-08,1.17800909090909e-08,1.68233809523809e-08,1.39067142857143e-08,1.72995714285714e-08,1.72995714285714e-08,3.80203448275861e-09,-1.27185714285713e-09,-7.18455555555556e-09,4.42428571428559e-10,-7.04566666666665e-09,-7.32344444444445e-09,-6.03376190476189e-09,-8.27534146341464e-09,-1.1129e-08,-6.84639130434783e-09,-1.15708604651163e-08,-5.929e-09,-1.00665e-08,-9.87368085106382e-09,-1.20136153846154e-08,-9.21828571428573e-09,-1.6004e-08,-1.21114561403509e-08,-3.68257142857143e-09,-1.07419032258065e-08,-1.0400186440678e-08,-3.06839393939396e-09,-1.53386774193548e-08,7.95242424242413e-10,-7.82465217391306e-09,-7.6138484848485e-09,-7.80955555555556e-09,1.52317391304347e-09,-3.80005263157894e-09,3.69994736842104e-09,-2.88738926174496e-09,3.08474045801527e-09
3.76784e-07,2.14284e-07,1.16784e-07,1.14284e-07,1.01784e-07,8.39268571428572e-08,6.7784e-08,5.5784e-08,4.09506666666667e-08,2.50192941176471e-08,4.32125714285714e-08,3.51173333333333e-08,2.32545882352942e-08,1.61021818181818e-08,1.81476363636364e-08,1.34506666666667e-08,2.03554285714286e-08,2.41054285714286e-08,1.3034e-08,1.09219310344828e-08,1.23197142857143e-08,-2.15555555555682e-11,-8.07314285714285e-09,-6.54933333333333e-09,-8.63266666666665e-09,-2.38266666666669e-09,-1.72403902439024e-08,-1.7466e-08,-1.36507826086956e-08,-1.34485581395349e-08,-5.016e-09,-9.36183333333333e-09,-1.50245106382979e-08,-1.41775384615385e-08,-1.27695714285714e-08,-2.16088571428571e-08,-2.21633684210526e-08,-1.67874285714286e-08,-1.94256774193548e-08,-1.98261694915254e-08,-1.60190303030303e-08,-1.0716e-08,-4.80690909090907e-09,-1.47377391304348e-08,-6.39781818181817e-09,-7.31322222222221e-09,6.24579710144908e-10,-3.08442105263155e-09,-5.84421052631576e-10,3.1933959731544e-09,6.5931603053435e-09
2.2359e-08,8.9859e-08,7.06923333333333e-08,9.6109e-08,5.6734e-08,3.7359e-08,3.3359e-08,3.0859e-08,1.19423333333333e-08,1.58884117647059e-08,2.52161428571428e-08,2.04145555555555e-08,1.53001764705883e-08,1.55408181818182e-08,5.40818181818169e-10,2.04542380952381e-08,2.1614285714286e-10,6.28757142857142e-09,3.43042857142856e-09,-1.43410344827584e-09,-7.4624285714286e-09,-1.16687777777778e-08,-3.35528571428573e-09,-7.77988888888889e-09,-6.66877777777779e-09,-1.22838571428571e-08,-1.47141707317073e-08,-1.7516e-08,-1.13366521739131e-08,-5.31541860465116e-09,-9.641e-09,-9.72433333333333e-09,-9.44951063829787e-09,-2.25638461538461e-09,-5.23028571428571e-09,-1.44267142857143e-08,-7.20240350877195e-09,-2.4624285714286e-09,-9.41519354838712e-09,-3.99693220338984e-09,-3.17130303030304e-09,-4.97970967741935e-09,-5.95545454545466e-10,-2.78592753623187e-09,7.68090909090902e-10,-2.77988888888891e-09,6.19869565217373e-10,-6.01526315789495e-10,6.10899999999999e-09,1.82208724832213e-09,3.65670992366412e-09
1.10231e-07,1.00231e-07,6.68976666666667e-08,5.0231e-08,5.3981e-08,2.95167142857143e-08,1.9231e-08,3.1731e-08,1.10643333333333e-08,1.84662941176471e-08,2.95167142857143e-08,2.80087777777778e-08,7.28982352941179e-09,2.09128181818182e-08,1.15946363636364e-08,-7.21380952380922e-10,3.80242857142861e-09,2.90957142857146e-09,1.23738571428572e-08,-2.52762068965516e-09,-4.41185714285709e-09,-5.32455555555552e-09,-6.26142857142822e-10,-4.07455555555551e-09,6.47666666666678e-10,-1.11975714285714e-08,-1.22080243902439e-08,-7.14399999999997e-09,-8.89943478260865e-09,-1.03503953488372e-08,-1.2069e-08,2.26666666666835e-11,-1.04072978723404e-08,-5.92284615384611e-09,-4.50114285714282e-09,-1.14654285714285e-08,-8.80408771929821e-09,-6.1975714285714e-09,-1.12206129032258e-08,-1.06164576271186e-08,-3.48112121212118e-09,-9.78677419354807e-10,-2.64778787878785e-09,-7.9574057971014e-09,-2.64778787878785e-09,-1.16222222222175e-10,-3.68204347826086e-09,-2.00584210526312e-09,3.32310526315794e-09,9.67718120805767e-11,-6.4686259541982e-10
1.39375e-07,8.4375e-08,8.10416666666667e-08,4.5625e-08,3.5625e-08,2.79464285714286e-08,3.0375e-08,2.0875e-08,2.3125e-08,2.40808823529412e-08,2.65178571428571e-08,1.57638888888889e-08,1.31985294117647e-08,2.57386363636364e-08,1.87500000000001e-09,1.4375e-08,6.51785714285713e-09,1.52678571428571e-08,1.77678571428572e-08,1.27155172413792e-09,4.01785714285712e-09,1.04166666666665e-09,-3.39285714285721e-10,2.29166666666666e-09,1.7361111111111e-09,6.84523809523813e-10,-1.02591463414634e-08,-9.25000000000001e-09,-9.97282608695652e-09,-5.74127906976743e-09,-4.32500000000001e-09,-1.11458333333333e-08,-6.90159574468085e-09,-3.70192307692309e-09,-6.25000000000002e-09,-1.27678571428571e-08,-7.81798245614033e-09,-3.125e-09,-1.19153225806452e-08,-8.16737288135594e-09,-6.76136363636363e-09,-6.83467741935486e-09,-1.45833333333333e-09,-3.23369565217391e-09,-4.10984848484849e-09,-8.4027777777778e-09,-1.27717391304348e-09,-4.83552631578948e-09,1.80921052631579e-09,1.13255033557031e-10,5.59637404580151e-09
1.91775e-07,8.9275e-08,1.05108333333333e-07,9.4275e-08,7.9275e-08,4.89178571428572e-08,4.0775e-08,3.6275e-08,1.38583333333333e-08,2.88338235294118e-08,2.6775e-08,1.73305555555556e-08,2.05985294117647e-08,1.79113636363636e-08,-3.45227272727271e-09,1.53464285714286e-08,5.16785714285713e-09,8.20357142857142e-09,1.60607142857143e-08,-4.08706896551722e-09,-3.225e-09,-1.14194444444444e-08,-4.36785714285712e-09,-2.66944444444444e-09,-6.55833333333334e-09,-3.70119047619045e-09,-2.09079268292683e-08,-1.0475e-08,-8.44239130434784e-09,-1.20622093023256e-08,-8.425e-09,-7.49583333333333e-09,-1.42888297872341e-08,-8.89807692307691e-09,-1.00107142857143e-08,-1.73321428571428e-08,-1.26986842105263e-08,-7.0642857142857e-09,-1.28217741935484e-08,-8.9029661016949e-09,-8.45227272727271e-09,-1.24991935483871e-08,-5.04318181818181e-09,-5.10905797101447e-09,-5.57348484848484e-09,-3.08611111111109e-09,-9.7862318840581e-10,-1.51447368421052e-09,5.4592105263158e-09,2.61392617449667e-09,3.14904580152671e-09
3.31004e-07,1.41004e-07,1.61004e-07,6.1004e-08,8.9129e-08,5.95754285714286e-08,4.7004e-08,4.0504e-08,2.05873333333333e-08,2.48275294117647e-08,2.8504e-08,2.62817777777778e-08,3.04157647058824e-08,2.21403636363637e-08,8.95854545454547e-09,1.24325714285714e-08,3.504e-09,6.36114285714287e-09,7.61114285714285e-09,-5.72013793103447e-09,-3.46028571428571e-09,-2.19044444444443e-09,-6.71028571428572e-09,-6.62666666666642e-10,-4.13488888888889e-09,-1.11388571428571e-08,-1.09472195121951e-08,-1.0246e-08,-1.08438260869565e-08,-1.15541395348837e-08,-6.29599999999999e-09,-8.16266666666665e-09,-1.38896170212766e-08,-3.32292307692308e-09,-1.3371e-08,-1.42638571428571e-08,-1.04872280701754e-08,-4.7102857142857e-09,-1.1496e-08,-1.20468474576271e-08,-8.08690909090908e-09,-3.10890322580646e-09,-5.58690909090908e-09,-7.69165217391304e-09,-7.40509090909091e-09,1.35122222222223e-09,4.24289855072475e-10,-4.52231578947367e-09,3.17505263157898e-09,-8.41637583892615e-10,1.23017099236642e-08
1.25311e-07,7.2811e-08,8.36443333333334e-08,5.9061e-08,4.1561e-08,2.17395714285714e-08,1.8811e-08,1.5811e-08,2.0311e-08,2.00168823529412e-08,2.49538571428572e-08,2.08665555555556e-08,1.44286470588236e-08,1.69019090909091e-08,-2.4162727272727e-09,1.29300476190477e-08,1.01324285714286e-08,8.34671428571433e-09,1.10252857142857e-08,6.69031034482762e-09,3.70385714285716e-09,2.53322222222224e-09,5.88242857142861e-09,1.28322222222225e-09,-8.02233333333331e-09,6.68142857142896e-10,-9.20119512195119e-09,-6.81399999999997e-09,-6.86291304347823e-09,-9.57272093023254e-09,-4.48899999999998e-09,-6.56399999999998e-09,-1.06464468085106e-08,-4.40053846153844e-09,-6.92114285714284e-09,-1.37068571428571e-08,-9.51356140350875e-09,-2.99257142857139e-09,-1.66244838709677e-08,-1.00279830508474e-08,-5.82536363636361e-09,-6.05996774193543e-09,-3.40112121212117e-09,-9.03682608695649e-09,-3.7041515151515e-09,-6.00844444444441e-09,-3.96436231884055e-09,-4.16268421052628e-09,-2.64952631578944e-09,-3.14537583892616e-09,3.93695419847333e-09
2.05519e-07,1.48019e-07,1.67185666666667e-07,1.03019e-07,9.3644e-08,7.26618571428572e-08,6.8519e-08,7.1519e-08,4.13523333333333e-08,4.14013529411765e-08,4.0519e-08,3.19078888888889e-08,3.69895882352941e-08,3.46099090909091e-08,1.23371818181818e-08,2.09951904761905e-08,1.51618571428572e-08,1.53404285714286e-08,1.78404285714286e-08,-4.30858620689653e-09,2.30471428571429e-09,-2.95322222222219e-09,-2.33814285714283e-09,-6.00877777777776e-09,-3.78655555555555e-09,-8.52861904761903e-09,-1.86273414634146e-08,-1.7106e-08,-2.25244782608696e-08,-2.33182093023256e-08,-1.5281e-08,-1.37518333333333e-08,-2.49065319148936e-08,-1.97694615384615e-08,-1.99274285714286e-08,-1.8231e-08,-1.28143333333333e-08,-1.31417142857143e-08,-1.48035806451613e-08,-1.8209813559322e-08,-1.22082727272727e-08,-1.39164838709678e-08,-9.40524242424238e-09,-1.26694057971014e-08,-9.93554545454544e-09,-8.09211111111108e-09,3.05523188405799e-09,-6.19152631578948e-09,6.50584210526319e-09,4.47873154362418e-09,6.28235877862599e-09
2.4e-07,1.2e-07,9.66666666666667e-08,8.375e-08,5.3125e-08,4.14285714285714e-08,4.5e-08,5.5e-08,2.83333333333333e-08,2.14705882352941e-08,3.96428571428572e-08,4.16666666666667e-08,3.91176470588235e-08,5.13636363636364e-08,1.86363636363636e-08,3.04761904761905e-08,1.26785714285714e-08,1.28571428571428e-08,1.35714285714286e-08,7.24137931034486e-09,3.75000000000002e-09,6.11111111111108e-09,2.28571428571426e-09,1.3888888888889e-09,-1.80555555555555e-09,2.38095238095276e-10,-9.63414634146341e-09,-7.37500000000002e-09,-1.14130434782609e-08,-1.67441860465116e-08,-9.60000000000003e-09,-1.52083333333333e-08,-7.34042553191492e-09,-1.07692307692308e-08,-1.76785714285714e-08,-2.13392857142857e-08,-2.03508771929825e-08,-1.25e-08,-1.70967741935484e-08,-1.70338983050847e-08,-9.09090909090908e-09,-1.41129032258065e-08,-1.38636363636364e-08,-1.64492753623189e-08,-1.5e-08,-1.39583333333333e-08,-7.10144927536233e-09,-9.80263157894737e-09,-7.17105263157896e-09,-4.66442953020135e-09,5.34351145038168e-09
1.79375e-07,1.76875e-07,1.42708333333333e-07,1.43125e-07,1.0125e-07,7.9375e-08,6.2875e-08,6.8875e-08,5.52083333333333e-08,4.20220588235294e-08,4.50892857142857e-08,3.71527777777778e-08,2.58455882352941e-08,2.34659090909091e-08,8.23863636363638e-09,1.46130952380952e-08,8.12500000000003e-09,1.1875e-08,1.65178571428572e-08,3.16810344827588e-09,1.16071428571429e-09,-3.40277777777777e-09,-2.19642857142856e-09,-1.07638888888889e-08,-8.68055555555557e-09,-9.07738095238095e-09,-1.66006097560976e-08,-1.975e-08,-8.3423913043478e-09,-1.05087209302325e-08,-1.0925e-08,-9.06249999999999e-09,-1.78590425531915e-08,-1.34134615384615e-08,-2.08035714285714e-08,-2.07142857142857e-08,-1.12390350877193e-08,-7.23214285714285e-09,-1.40120967741936e-08,-1.89300847457627e-08,-2.14015151515153e-09,-5.30241935483871e-09,-4.56439393939393e-09,-4.90036231884058e-09,-8.4280303030303e-09,-3.12499999999997e-09,2.20108695652178e-09,6.87499999999999e-09,8.88157894736852e-10,-3.91359060402686e-09,2.962786259542e-09
8.5276e-08,1.37776e-07,1.18609333333333e-07,1.27776e-07,1.00276e-07,6.0276e-08,4.4776e-08,4.5276e-08,4.61093333333333e-08,3.93936470588235e-08,3.81331428571428e-08,2.94426666666666e-08,3.70407058823529e-08,2.91396363636363e-08,1.55032727272727e-08,1.14664761904762e-08,8.31171428571424e-09,3.31171428571426e-09,5.4545714285714e-09,-1.64481379310345e-08,-2.11525714285714e-08,-1.55573333333334e-08,-2.11525714285714e-08,-1.20851111111111e-08,-2.26406666666667e-08,-1.79382857142857e-08,-2.78947317073171e-08,-1.9224e-08,-1.63544347826087e-08,-7.86353488372094e-09,-8.12400000000003e-09,-7.32816666666672e-09,-1.58942127659575e-08,-7.99323076923077e-09,-1.32061428571429e-08,-1.64204285714286e-08,-7.1801403508772e-09,-3.56328571428575e-09,-1.12562580645162e-08,-6.50366101694919e-09,-3.51187878787883e-09,-3.67561290322581e-09,-5.02703030303034e-09,-3.99936231884059e-09,4.44266666666664e-09,6.45655555555553e-09,1.09281739130435e-08,8.03915789473683e-09,7.51284210526312e-09,5.04110067114091e-09,8.86378625954197e-09
1.75975e-07,1.70975e-07,1.40975e-07,1.38475e-07,7.785e-08,7.52607142857143e-08,5.6975e-08,5.4975e-08,3.2225e-08,1.65632352941177e-08,3.5975e-08,2.04194444444444e-08,1.77397058823529e-08,2.07477272727273e-08,1.87022727272728e-08,2.43083333333333e-08,2.36535714285714e-08,2.0975e-08,2.68678571428572e-08,7.52672413793105e-09,-4.20357142857142e-09,3.05833333333332e-09,4.40357142857143e-09,-7.08055555555553e-09,-6.94166666666664e-09,-1.14059523809524e-08,-1.35371951219512e-08,-1.7025e-08,-1.36989130434783e-08,-8.21104651162789e-09,-1.6525e-08,-1.1525e-08,-1.06207446808511e-08,-7.87115384615384e-09,-1.42035714285714e-08,-1.81321428571428e-08,-1.50776315789473e-08,-1.22392857142857e-08,-1.87024193548387e-08,-2.06351694915254e-08,-9.47954545454545e-09,-1.03153225806452e-08,-3.57045454545452e-09,-5.03949275362317e-09,-7.13106060606062e-09,-5.41388888888886e-09,-1.2713768115942e-09,-2.11710526315789e-09,1.69868421052632e-09,-1.44110738255032e-09,1.16583969465648e-09
1.44764e-07,1.47264e-07,6.4764e-08,8.2264e-08,8.2889e-08,2.40497142857143e-08,3.82640000000001e-08,4.6764e-08,3.80973333333334e-08,1.9764e-08,2.83354285714286e-08,2.64306666666667e-08,2.24110588235295e-08,2.4764e-08,1.54458181818182e-08,1.85735238095238e-08,1.49425714285714e-08,1.20854285714286e-08,1.17282857142858e-08,7.98482758620713e-10,-9.1645714285714e-09,5.97333333333358e-10,2.04971428571431e-09,-4.40266666666665e-09,-1.09304444444444e-08,-9.1645714285714e-09,-1.56018536585366e-08,-1.8611e-08,-1.50186086956521e-08,-1.0236e-08,-1.1536e-08,-1.32568333333333e-08,-1.83211063829787e-08,-6.67830769230767e-09,-7.55742857142855e-09,-1.59502857142857e-08,-1.17272280701754e-08,-1.22002857142857e-08,-1.76553548387097e-08,-1.5236e-08,-1.15238787878788e-08,-7.17148387096773e-09,-6.97842424242422e-09,-1.06707826086956e-08,-3.64509090909088e-09,-3.84711111111108e-09,-5.67078260869561e-09,2.59294736842105e-09,5.8824210526316e-09,5.36802684563761e-09,5.145679389313e-09
1.8624e-08,9.6124e-08,8.02906666666667e-08,6.2374e-08,6.3624e-08,4.64811428571429e-08,2.1624e-08,2.8124e-08,3.3624e-08,3.42122352941177e-08,2.93382857142858e-08,2.1124e-08,1.48004705882353e-08,1.74876363636364e-08,-1.23636363636047e-11,6.71923809523812e-09,1.66597142857143e-08,1.38025714285714e-08,1.18382857142857e-08,-4.13462068965515e-09,1.30257142857146e-09,3.62400000000001e-09,-4.23314285714284e-09,-5.95933333333332e-09,-9.43155555555554e-09,-7.8045714285714e-09,-1.04003902439024e-08,-1.6376e-08,-1.0180347826087e-08,-1.38178604651162e-08,-1.1276e-08,-8.98016666666664e-09,-1.44611063829787e-08,-1.00298461538461e-08,-1.05724285714286e-08,-1.71795714285714e-08,-1.46216140350877e-08,-5.75099999999998e-09,-1.52469677419355e-08,-1.3240406779661e-08,-6.6790303030303e-09,-8.31148387096772e-09,-6.75478787878785e-09,-5.2165797101449e-09,-1.90630303030301e-09,-6.51488888888889e-09,4.35594202898591e-10,7.13684210526526e-11,3.42663157894737e-09,-8.39087248322104e-10,5.72323664122137e-09
1.38524e-07,1.63524e-07,1.11857333333333e-07,1.09774e-07,7.6024e-08,6.28097142857143e-08,4.5024e-08,5.3024e-08,4.56073333333333e-08,3.8524e-08,4.88811428571429e-08,4.15795555555555e-08,4.47004705882353e-08,3.3524e-08,2.55694545454545e-08,2.40001904761905e-08,1.87025714285714e-08,1.95954285714286e-08,2.04882857142857e-08,6.28262068965513e-09,3.7025714285714e-09,-2.30933333333334e-09,9.95257142857142e-09,-5.36488888888891e-09,-6.75377777777778e-09,-1.66476190476225e-10,-1.1476e-08,-2.0726e-08,-9.41078260869567e-09,-1.03132093023256e-08,-1.1176e-08,-8.87183333333333e-09,-1.5944085106383e-08,-1.54183076923077e-08,-1.65652857142857e-08,-1.73688571428571e-08,-1.83181052631579e-08,-1.63867142857143e-08,-1.07501935483871e-08,-1.63912542372881e-08,-1.33699393939394e-08,-1.68792258064516e-08,-8.14266666666668e-09,-1.24904927536232e-08,-1.18547878787879e-08,-7.10100000000001e-09,-5.67889855072466e-09,-4.89705263157894e-09,-3.77863157894737e-09,-6.77801342281876e-09,3.82934351145038e-09
1.15975e-07,1.00975e-07,9.43083333333333e-08,7.5975e-08,6.285e-08,5.52607142857143e-08,5.9975e-08,4.9475e-08,3.38916666666667e-08,4.15632352941177e-08,2.49035714285715e-08,4.26416666666667e-08,3.39161764705882e-08,4.21113636363636e-08,2.5975e-08,2.90702380952381e-08,2.36535714285714e-08,2.57964285714286e-08,2.0975e-08,7.35431034482758e-09,7.40357142857142e-09,3.89166666666668e-09,3.26071428571431e-09,-6.66388888888887e-09,1.94722222222224e-09,-6.88214285714288e-09,-6.09817073170731e-09,-1.2025e-08,-2.06847826086958e-09,-4.49011627906978e-09,-7.425e-09,-7.35833333333332e-09,-9.2377659574468e-09,-1.43134615384615e-08,-1.32214285714286e-08,-1.465e-08,-8.67412280701753e-09,-6.34642857142856e-09,-1.23314516129032e-08,-1.61436440677966e-08,-1.2055303030303e-08,-6.68629032258064e-09,-1.82803030303031e-09,-1.42423913043478e-08,-1.34189393939394e-08,-7.21944444444444e-09,-7.06847826086956e-09,-4.55131578947367e-09,1.69868421052632e-09,-4.59546979865771e-09,2.38721374045803e-09
1.07775e-07,1.25275e-07,1.27775e-07,9.4025e-08,8.09e-08,4.99178571428572e-08,5.0275e-08,4.7775e-08,4.31916666666667e-08,2.6010294117647e-08,4.34892857142857e-08,3.63861111111111e-08,2.80691176470588e-08,1.59568181818182e-08,1.11840909090909e-08,2.13464285714286e-08,1.06321428571428e-08,1.29535714285714e-08,1.06321428571428e-08,-1.56034482758602e-10,-6.1535714285714e-09,-1.25277777777779e-09,-1.36785714285714e-09,-3.61388888888891e-09,-9.72500000000002e-09,-1.32964285714286e-08,-1.41762195121951e-08,-1.4975e-08,-1.36380434782609e-08,-1.42017441860465e-08,-1.4525e-08,-1.44125e-08,-1.86079787234042e-08,-1.03980769230769e-08,-1.11535714285714e-08,-1.8475e-08,-1.30144736842105e-08,-1.21357142857143e-08,-1.35959677419355e-08,-1.35809322033898e-08,-1.10128787878788e-08,-1.09346774193548e-08,-7.52803030303029e-09,-5.92065217391304e-09,-6.34090909090882e-10,-3.12777777777777e-09,-1.93514492753622e-09,5.14342105263158e-09,4.94605263157895e-09,6.16426174496645e-09,8.34751908396946e-09
1.46944000000001e-07,1.49444e-07,1.40277333333333e-07,1.08194e-07,9.6944e-08,5.90868571428572e-08,5.6444e-08,5.5944e-08,4.36106666666667e-08,3.75322352941177e-08,3.4444e-08,4.41662222222222e-08,4.57675294117647e-08,2.9444e-08,2.01258181818182e-08,2.07535238095238e-08,1.78368571428572e-08,1.96225714285714e-08,1.6944e-08,-3.57324137931033e-09,-3.2345714285714e-09,-7.77822222222218e-09,-4.48457142857142e-09,-6.38933333333331e-09,-1.04171111111111e-08,-7.93695238095236e-09,-1.07389268292683e-08,-1.8306e-08,-8.92556521739126e-09,-1.14280930232558e-08,-1.0756e-08,-6.38933333333331e-09,-1.8056e-08,-1.38252307692307e-08,-1.4931e-08,-1.70738571428571e-08,-1.23542456140351e-08,-1.33238571428571e-08,-1.83785806451613e-08,-1.9920406779661e-08,-1.47226666666666e-08,-1.60398709677419e-08,-1.25256969696969e-08,-1.66067246376811e-08,-9.72266666666667e-09,-9.51433333333333e-09,-1.89657971014492e-09,-1.74021052631576e-09,-1.27968421052629e-09,-2.55264429530199e-09,1.02796946564887e-09
2e-07,2.15e-07,1.46666666666667e-07,9.5e-08,8.875e-08,6.64285714285714e-08,5.2e-08,5.6e-08,4.04166666666667e-08,3.05882352941176e-08,2.64285714285714e-08,2.72222222222222e-08,1.32352941176471e-08,1.47727272727273e-08,1.36363636363637e-09,-3.80952380952381e-09,2.49999999999998e-09,-2.67857142857143e-09,4.10714285714285e-09,-8.10344827586207e-09,-6.60714285714288e-09,-9.30555555555556e-09,-1.12857142857143e-08,-1.58333333333333e-08,-1.22222222222222e-08,-1.82142857142857e-08,-2.23170731707317e-08,-1.675e-08,-1.19565217391304e-08,-1.31395348837209e-08,-1.44e-08,-1.57291666666667e-08,-1.96808510638298e-08,-1.57692307692308e-08,-1.5625e-08,-1.66964285714286e-08,-1.54385964912281e-08,-4.46428571428574e-09,-1.32258064516129e-08,-7.28813559322034e-09,-1.00757575757576e-08,-8.14516129032258e-09,-6.89393939393941e-09,-8.62318840579713e-09,-8.40909090909091e-09,1.4583333333333e-09,5.3623188405797e-09,4.47368421052632e-09,1.49342105263158e-08,1.88255033557047e-08,1.88549618320611e-08
5.4076e-08,1.41576e-07,8.24093333333333e-08,6.7826e-08,5.9076e-08,1.69331428571428e-08,2.7576e-08,1.9076e-08,1.7826e-08,2.99583529411765e-08,2.62188571428572e-08,2.71315555555556e-08,1.31936470588235e-08,1.29396363636363e-08,3.62145454545455e-09,1.21885714285713e-09,5.50457142857141e-09,5.326e-09,6.0402857142857e-09,-4.54468965517242e-09,-4.49542857142858e-09,-9.24000000000015e-10,6.47428571428553e-10,-4.11844444444444e-09,-2.29555555555539e-10,-5.68590476190477e-09,-1.50703414634146e-08,-1.1549e-08,-1.60326956521739e-08,-1.13891162790698e-08,-1.0724e-08,-3.94483333333333e-09,-6.56229787234043e-09,-4.43230769230761e-10,-8.5132857142857e-09,-8.33471428571429e-09,-6.01171929824562e-09,-4.31685714285714e-09,-1.08433548387097e-08,-1.30426440677966e-08,4.39636363636378e-10,-4.47238709677419e-09,-1.37854545454545e-09,-6.79356521739131e-09,-1.83309090909092e-09,-6.4622222222222e-10,-5.61681159420292e-10,-1.45031578947368e-09,-1.25294736842104e-09,2.49881879194632e-09,1.9385954198473e-09
6.9456e-08,9.6956e-08,8.11226666666667e-08,6.0706e-08,5.2581e-08,5.87417142857143e-08,4.1956e-08,5.8456e-08,2.5706e-08,2.47501176470588e-08,2.26702857142857e-08,1.97337777777778e-08,1.56324705882353e-08,1.96832727272727e-08,9.68327272727273e-09,1.59885714285713e-09,8.92028571428571e-09,3.38457142857144e-09,6.06314285714285e-09,-5.71641379310346e-09,-4.11542857142857e-09,-4.71066666666668e-09,-3.25828571428572e-09,-1.23844444444446e-09,-9.71066666666666e-09,-6.37733333333335e-09,-1.54220487804878e-08,-1.4294e-08,-1.28266086956522e-08,-5.89283720930232e-09,-8.944e-09,-1.18981666666667e-08,-1.52248510638298e-08,-1.16978461538461e-08,-7.59757142857143e-09,-1.38475714285714e-08,-1.18597894736842e-08,-7.24042857142856e-09,-1.04633548387097e-08,-1.23236610169492e-08,-6.15006060606059e-09,-8.20529032258065e-09,-1.65212121212139e-10,-5.39907246376812e-09,-6.68036363636365e-09,-1.86344444444445e-09,-2.28313043478261e-09,-1.33347368421053e-09,3.46915789473687e-09,4.62711409395964e-10,8.80714503816794e-09
1.47119000000001e-07,7.9619e-08,1.12119e-07,6.5869e-08,7.8369e-08,4.28332857142857e-08,3.7619e-08,2.6619e-08,1.3369e-08,2.59425294117647e-08,3.81904285714286e-08,4.23967777777778e-08,3.0354294117647e-08,2.55280909090909e-08,1.78008181818182e-08,1.80713809523809e-08,1.49761428571428e-08,2.76547142857143e-08,1.72975714285714e-08,2.22448275862085e-10,1.22614285714284e-09,-5.19888888888893e-10,7.69042857142855e-09,-3.81000000000009e-10,-1.03222222222213e-10,1.28566666666666e-09,-1.43444146341463e-08,-1.8506e-08,-1.17940434782609e-08,-1.11368139534884e-08,-7.281e-09,-1.05893333333334e-08,-1.94767446808511e-08,-1.65348461538462e-08,-1.52917142857143e-08,-1.74345714285714e-08,-1.58634561403509e-08,-1.17202857142857e-08,-1.62680967741935e-08,-1.71182881355932e-08,-7.57796969696969e-09,-1.13487419354839e-08,-8.79009090909092e-09,-1.02723043478261e-08,-8.10827272727272e-09,-1.34365555555556e-08,-7.1563623188406e-09,-9.45994736842106e-09,2.57952631578944e-09,-5.09576510067117e-09,2.95869465648854e-09
3.775e-07,2.025e-07,1.775e-07,1.325e-07,1.175e-07,8.96428571428572e-08,9e-08,7.6e-08,7.04166666666667e-08,5.77941176470589e-08,6.57142857142857e-08,6.16666666666667e-08,6.80882352941177e-08,4.29545454545455e-08,1.72727272727273e-08,3.13095238095238e-08,2.08928571428571e-08,-1.24999999999999e-09,1.16071428571429e-08,-4.39655172413794e-09,-8.21428571428573e-09,-1.05555555555556e-08,-2.30714285714285e-08,-2.26388888888889e-08,-1.66666666666667e-08,-3.38095238095238e-08,-3.50609756097561e-08,-4.325e-08,-3.46739130434782e-08,-3.02906976744186e-08,-2.63e-08,-2.3125e-08,-2.28191489361702e-08,-2.17307692307692e-08,-1.08928571428571e-08,-2.1875e-08,-2.26754385964912e-08,-1.625e-08,-2.06451612903226e-08,-1.80084745762711e-08,-1.03030303030303e-08,-9.27419354838707e-09,-6.51515151515151e-09,-7.78985507246372e-09,-2.34848484848481e-09,-1.38888888888885e-10,5.39855072463771e-09,4.14473684210529e-09,9.93421052631579e-09,1.0251677852349e-08,1.55916030534351e-08
2.11004e-07,6.35040000000001e-08,7.93373333333333e-08,7.3504e-08,6.6629e-08,3.81468571428572e-08,5.6504e-08,3.7004e-08,1.55873333333333e-08,1.45334117647059e-08,1.49325714285715e-08,1.93373333333334e-08,1.89451764705882e-08,2.50949090909091e-08,7.36763636363637e-09,8.38495238095237e-09,8.8611428571429e-09,9.754e-09,1.40397142857143e-08,-2.61668965517243e-09,5.46828571428571e-09,-9.13488888888889e-09,-6.28171428571427e-09,-9.55155555555555e-09,-3.996e-09,-4.11504761904762e-09,-1.15569756097561e-08,-9.246e-09,-7.14817391304347e-09,-2.3680930232558e-09,-1.096e-09,-8.71000000000008e-10,-1.28257872340425e-08,-7.45753846153846e-09,-6.76385714285711e-09,-1.57817142857143e-08,-7.24161403508771e-09,-7.47814285714286e-09,-1.22218064516129e-08,-1.32332881355932e-08,-7.93539393939394e-09,-9.3185806451613e-09,-5.35963636363637e-09,-9.79310144927536e-09,-5.58690909090908e-09,-4.89877777777777e-09,-6.82208695652172e-09,-1.29863157894737e-09,-1.62757894736842e-09,-3.2241879194631e-09,-2.39294656488548e-09
1.54076000000001e-07,1.14076e-07,7.07426666666667e-08,6.9076e-08,7.2826e-08,3.05045714285714e-08,3.1576e-08,3.5076e-08,1.2826e-08,5.54658823529411e-09,1.1576e-08,1.71315555555556e-08,1.61348235294118e-08,1.54396363636364e-08,-2.74218181818182e-09,7.42666666666653e-10,6.57599999999999e-09,1.12188571428571e-08,7.46885714285712e-09,8.0415172413793e-09,6.8314285714286e-10,-4.25733333333335e-09,-2.63828571428571e-09,2.96488888888889e-09,1.85377777777778e-09,-9.06666666666812e-11,-8.24107317073172e-09,-1.8299e-08,-8.09791304347825e-09,-6.97051162790697e-09,-6.62399999999999e-09,-6.75733333333333e-09,-1.20942127659574e-08,-2.174e-09,-7.62042857142857e-09,-8.78114285714286e-09,-5.92399999999999e-09,-3.60257142857142e-09,-1.08433548387097e-08,-1.93985762711864e-08,-4.33309090909092e-09,-8.66593548387097e-09,-7.66642424242426e-09,-6.79356521739131e-09,-4.63612121212122e-09,-7.59066666666666e-09,-1.72110144927537e-09,2.03652631578948e-09,6.24705263157897e-09,2.56593288590603e-09,7.55389312977103e-10
2.62391e-07,2.67391e-07,2.04057666666667e-07,1.57391e-07,1.14266e-07,6.02481428571429e-08,4.2891e-08,4.9891e-08,3.65576666666667e-08,3.41557058823529e-08,3.34624285714286e-08,3.35021111111111e-08,2.65086470588235e-08,2.9891e-08,1.37546363636364e-08,3.19148095238095e-08,9.89100000000002e-09,2.27481428571429e-08,1.64981428571428e-08,-1.05727586206895e-09,-9.75185714285714e-09,-1.03867777777778e-08,-2.75185714285714e-09,-8.16455555555554e-09,-1.09423333333333e-08,-1.84423333333333e-08,-1.39504634146341e-08,-2.4234e-08,-1.94568260869565e-08,-1.72601627906977e-08,-1.3909e-08,-8.65066666666665e-09,-2.3140914893617e-08,-1.74166923076923e-08,-1.26982857142857e-08,-1.6984e-08,-1.44511052631579e-08,-1.43054285714286e-08,-1.67219032258065e-08,-1.73547627118644e-08,-6.77566666666666e-09,-1.30122258064516e-08,-5.109e-09,-1.03626231884058e-08,-7.38172727272727e-09,-5.17844444444443e-09,-7.24942028985497e-10,7.4626315789475e-10,9.69363157894738e-09,4.87422147651009e-09,4.60474045801524e-09
1.6e-07,1.375e-07,1.2e-07,6.25e-08,6.375e-08,4.85714285714286e-08,3.9e-08,4.05e-08,3e-08,1.58823529411765e-08,2.21428571428571e-08,3.47222222222222e-08,1.91176470588235e-08,1.52272727272727e-08,-4.54545454545438e-10,1.76190476190476e-08,3.03571428571424e-09,3.2142857142857e-09,1.23214285714286e-08,-4.13793103448279e-09,2.49999999999998e-09,-1.02777777777778e-08,-4.28571428571431e-09,-1.02777777777778e-08,-1.22222222222222e-08,-4.64285714285714e-09,-1.78048780487805e-08,-2.175e-08,-1.29347826086956e-08,-1.51162790697674e-08,-1.24e-08,-5.625e-09,-1.12765957446809e-08,-9.42307692307692e-09,-7.67857142857144e-09,-1.26785714285714e-08,-7.45614035087719e-09,-1.125e-08,-1.17741935483871e-08,-8.98305084745762e-09,-3.56060606060604e-09,-5.64516129032258e-09,-4.3939393939394e-09,-5.57971014492753e-09,2.27272727272732e-10,-8.33333333333334e-10,-1.95652173913043e-09,6.44736842105263e-09,1.17105263157895e-08,1.97986577181209e-09,1.28625954198473e-08
1.02359e-07,8.7359e-08,5.06923333333333e-08,2.6109e-08,2.9234e-08,4.66447142857142e-08,9.85899999999998e-09,3.1859e-08,2.52756666666667e-08,5.59429411764705e-09,2.84304285714286e-08,2.06923333333333e-08,2.55942941176471e-08,1.12226363636364e-08,1.6771818181818e-09,7.12090476190476e-09,4.32328571428569e-09,2.71614285714286e-09,1.68232857142857e-08,-7.64100000000001e-09,-7.99814285714287e-09,-6.94655555555556e-09,1.35900000000001e-09,-2.08544444444447e-09,-7.36322222222224e-09,-6.80766666666667e-09,-1.39824634146342e-08,-7.891e-09,-1.25323043478261e-08,-1.41526279069767e-08,-1.2141e-08,-6.49516666666665e-09,-1.13644042553192e-08,-4.56407692307692e-09,-7.65999999999995e-10,-9.78385714285715e-09,-7.46556140350878e-09,1.26857142857132e-10,-1.24797096774194e-08,-1.04376101694915e-08,-4.30766666666667e-09,-5.14100000000001e-09,-1.50463636363637e-09,-5.39462318840581e-09,-1.95918181818181e-09,8.31222222222218e-10,-9.01869565217375e-10,8.45842105263156e-10,3.47742105263157e-09,2.39255704697986e-09,5.90861832061067e-09
1.4e-07,1.25e-07,1.05e-07,8.875e-08,5.625e-08,5.42857142857143e-08,4.85e-08,4.3e-08,3.45833333333333e-08,2.5e-08,3.60714285714286e-08,4.36111111111111e-08,2.5e-08,2.54545454545454e-08,1.06818181818182e-08,1.54761904761905e-08,1.42857142857143e-08,1.42857142857143e-08,2.69642857142857e-08,5.68965517241381e-09,-1.78571428571428e-09,5.69444444444443e-09,-3.14285714285714e-09,-8.33333333333334e-10,-1.94444444444446e-09,-7.3809523809524e-09,-4.8780487804878e-09,-6.375e-09,-1.1195652173913e-08,-1.16279069767442e-08,-1.38e-08,-1.04166666666667e-08,-1.27659574468085e-08,-7.50000000000001e-09,-1.57142857142857e-08,-1.76785714285714e-08,-1.51754385964912e-08,-1.05357142857143e-08,-2.05645161290323e-08,-1.77118644067797e-08,-1.71212121212121e-08,-1.62096774193548e-08,-9.84848484848485e-09,-1.1304347826087e-08,-1.25e-08,-6.11111111111111e-09,-3.98550724637682e-09,-1.25000000000001e-09,-2.10526315789476e-09,-3.38926174496643e-09,4.6946564885496e-09
1.21916e-07,1.31916e-07,1.43582666666667e-07,7.3166e-08,9.8166e-08,7.04874285714286e-08,5.9416e-08,6.7916e-08,4.9416e-08,3.13277647058823e-08,3.12017142857142e-08,4.41382222222222e-08,3.48571764705882e-08,2.57796363636363e-08,1.03250909090909e-08,1.14398095238095e-08,6.02314285714283e-09,1.04874285714286e-08,1.99517142857142e-08,-1.53227586206898e-09,-1.07625714285714e-08,-2.94511111111112e-09,-7.79828571428573e-09,-1.11395555555556e-08,-1.14173333333333e-08,-1.46316190476191e-08,-2.02791219512195e-08,-2.1334e-08,-2.13448695652174e-08,-2.47119069767442e-08,-1.4084e-08,-1.64173333333333e-08,-2.46797446808511e-08,-1.5007076923077e-08,-1.79947142857143e-08,-1.86197142857143e-08,-2.07155789473684e-08,-1.54054285714286e-08,-1.8084e-08,-1.33382372881356e-08,-1.3084e-08,-1.18743225806452e-08,-2.40218181818186e-09,-5.69269565217392e-09,-1.03854545454547e-09,1.79888888888878e-10,-2.64921739130437e-09,3.56073684210524e-09,1.0666e-08,6.64754362416103e-09,1.25266870229007e-08
3.66111e-07,1.28611e-07,1.41111e-07,1.02361e-07,9.5486e-08,6.82538571428571e-08,6.3611e-08,6.1611e-08,2.9861e-08,2.46404117647059e-08,3.96824285714286e-08,2.72221111111111e-08,3.34639411764706e-08,2.63382727272727e-08,1.49746363636364e-08,1.32538571428571e-08,2.16467142857143e-08,2.1111e-08,2.50395714285714e-08,3.1799655172414e-09,7.53957142857141e-09,-1.11122222222222e-09,8.25285714285716e-10,-4.02788888888887e-09,-4.02788888888887e-09,-5.91280952380952e-09,-7.66948780487806e-09,-1.0639e-08,-1.45411739130435e-08,-8.19132558139535e-09,-1.5989e-08,-1.0764e-08,-1.7825170212766e-08,-1.33120769230769e-08,-1.12104285714286e-08,-2.47818571428571e-08,-1.49416315789474e-08,-8.88899999999999e-09,-2.23567419354839e-08,-2.10923898305085e-08,-1.25253636363636e-08,-1.8889e-08,-1.10859696969697e-08,-1.7584652173913e-08,-1.30556666666667e-08,-5.4167777777778e-09,-6.7875507246377e-09,-1.04679473684211e-08,-5.99526315789493e-10,-8.82188590604028e-09,6.30183969465646e-09
2.69456e-07,1.06956e-07,6.4456e-08,6.3206e-08,5.3206e-08,2.37417142857143e-08,3.7956e-08,2.9456e-08,2.48726666666667e-08,1.76912941176471e-08,3.01702857142857e-08,2.33448888888889e-08,3.12207058823529e-08,2.10469090909091e-08,1.05923636363636e-08,1.08845714285714e-08,1.23131428571428e-08,1.55274285714286e-08,8.74171428571431e-09,2.90427586206898e-09,-6.07971428571428e-09,-4.57177777777779e-09,8.45600000000001e-09,-3.87733333333334e-09,-7.9051111111111e-09,-9.47257142857143e-09,-1.79830243902439e-08,-1.1544e-08,-9.02226086956522e-09,-5.42772093023258e-09,-1.1544e-08,-7.31483333333334e-09,-1.32035744680851e-08,-6.40938461538461e-09,-9.02614285714287e-09,-8.04399999999999e-09,-7.03522807017545e-09,-6.16900000000001e-09,-6.10851612903227e-09,-9.35755932203389e-09,1.50145454545456e-09,-2.80206451612904e-09,-1.52884848484848e-09,-1.55849275362319e-09,-5.61975757575758e-09,-1.30788888888889e-09,2.53101449275372e-10,-1.13610526315789e-09,5.37705263157896e-09,6.30496644295319e-10,2.95694656488538e-10
1.29431e-07,1.61931e-07,1.19431e-07,1.11931e-07,9.4431e-08,4.65738571428572e-08,4.4931e-08,4.5431e-08,1.85976666666667e-08,2.56074705882353e-08,4.30024285714286e-08,3.58198888888889e-08,2.4431e-08,3.21582727272727e-08,1.17037272727272e-08,2.13357619047619e-08,1.47881428571428e-08,9.431e-09,1.8181e-08,3.22410344827586e-09,3.18099999999998e-09,2.76433333333333e-09,7.43100000000004e-09,5.81988888888889e-09,-4.30111111111099e-10,-2.94995238095235e-09,-1.78860731707317e-08,-2.0319e-08,-1.58950869565217e-08,-1.44062093023256e-08,-1.7169e-08,-1.37981666666667e-08,-2.18455957446809e-08,-1.13382307692308e-08,-1.50332857142857e-08,-1.86047142857143e-08,-1.74988245614035e-08,-1.69082857142857e-08,-2.21819032258065e-08,-1.73486610169491e-08,-1.07205151515152e-08,-1.3069e-08,-1.04932424242424e-08,-1.33226231884058e-08,-3.29627272727274e-09,-2.79122222222219e-09,-1.22117391304347e-09,-1.75321052631578e-09,-8.32157894736841e-10,-3.62269127516778e-09,4.3928320610687e-09
1.02391e-07,1.19891e-07,1.34057666666667e-07,1.02391e-07,6.2391e-08,5.45338571428572e-08,4.1891e-08,3.0891e-08,2.3641e-08,1.53321764705882e-08,3.16767142857143e-08,2.46132222222222e-08,1.53321764705882e-08,2.30728181818182e-08,2.01182727272727e-08,1.33433809523809e-08,1.9891e-08,1.63195714285714e-08,2.95338571428572e-08,4.28755172413792e-09,6.49814285714286e-09,2.11322222222222e-09,-6.03757142857143e-09,-4.8312222222222e-09,-8.85899999999999e-09,-1.40375714285714e-08,-1.37065609756097e-08,-1.9859e-08,-1.31524782608695e-08,-8.53923255813954e-09,-4.50899999999998e-09,-3.54650000000001e-09,-7.50261702127659e-09,-6.93592307692307e-09,-8.4125714285714e-09,-1.8859e-08,-1.57668947368421e-08,-1.2609e-08,-1.5350935483871e-08,-1.40496779661017e-08,-7.30596969696967e-09,-4.54448387096774e-09,-1.69990909090906e-09,-5.94233333333333e-09,-4.19990909090909e-09,1.141e-09,5.06942028985514e-10,-2.67478947368421e-09,-2.93794736842102e-09,2.99502684563759e-09,1.58947328244276e-09
3.19e-08,1.244e-07,9.02333333333333e-08,9.065e-08,6.315e-08,4.83285714285714e-08,4.99e-08,6.79e-08,2.44e-08,3.04294117647059e-08,3.83285714285714e-08,3.24555555555556e-08,3.30764705882353e-08,1.87181818181818e-08,-2.41818181818185e-09,6.89999999999999e-09,4.93571428571425e-09,1.02928571428572e-08,1.38642857142857e-08,-4.65172413793102e-09,-9.35000000000001e-09,-6.01666666666668e-09,-7.38571428571428e-09,-1.03222222222222e-08,-1.17111111111111e-08,-8.69523809523811e-09,-2.49292682926829e-08,-1.4725e-08,-1.44043478260869e-08,-1.18209302325582e-08,-7.90000000000001e-09,-4.24583333333333e-09,-1.41638297872341e-08,-1.21384615384615e-08,-1.55107142857143e-08,-1.90821428571429e-08,-8.27543859649123e-09,-7.47500000000001e-09,-1.27774193548387e-08,-1.31e-08,-2.11515151515155e-09,-7.93870967741937e-09,-2.26666666666669e-09,-1.86811594202898e-09,-6.96363636363636e-09,-3.5861111111111e-09,-4.11449275362323e-09,5.78947368420859e-11,9.00526315789472e-09,9.28255033557045e-09,4.91526717557252e-09
8.5311e-08,6.5311e-08,4.36443333333333e-08,5.7811e-08,3.8436e-08,2.45967142857143e-08,1.7311e-08,3.38110000000001e-08,2.11443333333334e-08,7.95805882352945e-09,2.81681428571429e-08,1.44776666666667e-08,5.31100000000004e-09,1.69019090909091e-08,4.40190909090911e-09,1.97766666666668e-09,8.1681428571429e-09,7.63242857142861e-09,1.37038571428571e-08,6.55827586206923e-10,1.38242857142859e-09,-7.74455555555554e-09,-1.68899999999996e-09,-6.49455555555552e-09,-6.07788888888887e-09,-1.01651904761904e-08,-1.3469487804878e-08,-1.2314e-08,-7.73247826086954e-09,-1.1549465116279e-08,-7.28899999999998e-09,-4.68899999999997e-09,-6.07197872340423e-09,-7.86207692307687e-09,-9.24257142857139e-09,-7.01042857142854e-09,-5.47847368421049e-09,-4.68899999999997e-09,-9.52770967741935e-09,-1.12144237288135e-08,-4.08293939393937e-09,-6.70512903225803e-09,-1.4314242424242e-09,7.45782608695666e-10,1.52312121212124e-09,2.6026666666667e-09,-4.86101449275345e-10,1.03468421052636e-09,2.54784210526318e-09,1.58616778523493e-09,1.02346641221375e-08
2.08679e-07,1.03679e-07,1.05345666666667e-07,8.3679e-08,8.0554e-08,5.79647142857142e-08,3.4679e-08,3.5179e-08,3.3679e-08,1.92672352941176e-08,2.04647142857143e-08,1.89567777777778e-08,1.66201764705882e-08,2.00426363636363e-08,2.69909090909084e-10,7.01233333333333e-09,8.8575714285714e-09,7.9647142857143e-09,9.57185714285712e-09,-7.52789655172415e-09,-1.06067142857143e-08,-1.04876666666667e-08,-3.03528571428573e-09,-7.8487777777778e-09,-1.02098888888889e-08,-9.53528571428572e-09,-2.16868536585366e-08,-1.4071e-08,-1.34949130434783e-08,-1.14372790697674e-08,-1.1321e-08,-4.86266666666667e-09,-1.28103617021277e-08,-8.24407692307693e-09,-1.07852857142857e-08,-1.82852857142857e-08,-9.3034561403509e-09,-7.57100000000001e-09,-1.14822903225807e-08,-1.32701525423729e-08,-9.57857575757576e-09,-8.17583870967742e-09,-1.16948484848485e-09,-9.00215942028987e-09,-4.19978787878789e-09,-3.9598888888889e-09,4.62102898550724e-09,7.18473684210519e-10,8.61321052631577e-09,6.69913422818791e-09,8.44999236641221e-09
1.72544e-07,9.2544e-08,7.42106666666667e-08,7.1294e-08,5.8794e-08,4.54011428571428e-08,3.2044e-08,3.5544e-08,2.2544e-08,1.31322352941177e-08,1.5044e-08,2.97662222222222e-08,1.81322352941176e-08,1.48167272727273e-08,6.40763636363634e-09,1.1591619047619e-08,1.05797142857143e-08,1.04011428571429e-08,1.48654285714286e-08,-2.45600000000003e-09,-8.52742857142859e-09,-4.81711111111112e-09,-9.88457142857143e-09,-6.90044444444447e-09,-7.03933333333336e-09,-6.1464761904762e-09,-1.46511219512195e-08,-1.3581e-08,-8.54295652173913e-09,-1.01304186046512e-08,-5.35600000000001e-09,-6.93516666666667e-09,-1.2456e-08,-9.37907692307692e-09,-6.29528571428572e-09,-1.5581e-08,-1.33331929824562e-08,-7.63457142857144e-09,-1.13269677419355e-08,-9.82888135593221e-09,-6.84993939393944e-09,-5.92374193548389e-09,-6.925696969697e-09,-8.03571014492756e-09,-8.51660606060608e-09,-3.08100000000003e-09,-2.23860869565218e-09,1.75452631578945e-09,1.05703157894736e-08,1.50373154362415e-09,5.02491603053434e-09
1.70256e-07,1.55256e-07,1.46922666666667e-07,1.25256e-07,7.2131e-08,8.5256e-08,4.8256e-08,3.6756e-08,3.44226666666667e-08,2.29030588235295e-08,4.2756e-08,4.83115555555556e-08,4.61383529411765e-08,2.48014545454545e-08,2.07105454545455e-08,1.31131428571428e-08,1.23988571428572e-08,1.41845714285714e-08,1.57917142857143e-08,-2.61241379310333e-10,9.70285714285748e-10,-5.02177777777778e-09,-8.45828571428566e-09,-3.77177777777776e-09,-4.88288888888889e-09,-1.41487619047619e-08,-1.37683902439024e-08,-1.8619e-08,-1.4744e-08,-1.12556279069767e-08,-1.8944e-08,-1.21398333333333e-08,-1.32546382978723e-08,-1.63786153846153e-08,-8.85114285714286e-09,-1.76011428571429e-08,-1.55334736842105e-08,-1.42082857142857e-08,-1.87762580645161e-08,-1.61846779661017e-08,-1.23955151515152e-08,-1.08730322580645e-08,-6.10763636363637e-09,-8.22226086956524e-09,-7.31975757575755e-09,-4.95233333333332e-09,-5.41101449275355e-10,-3.49399999999999e-09,-2.04526315789469e-10,-2.56279194630871e-09,4.33996946564886e-09
8.4439e-08,1.61939e-07,1.46105666666667e-07,1.28189e-07,8.8189e-08,5.08675714285714e-08,5.2939e-08,7.4939e-08,4.3189e-08,3.29684117647059e-08,3.65818571428572e-08,4.38834444444444e-08,4.00272352941177e-08,2.14844545454545e-08,1.6939e-08,6.10566666666667e-09,8.18899999999999e-09,6.22471428571428e-09,1.12247142857143e-08,-8.14720689655169e-09,-3.77528571428573e-09,-1.09776666666667e-08,-1.14181428571428e-08,-1.22276666666667e-08,-7.50544444444442e-09,-1.82990952380952e-08,-2.47073414634146e-08,-2.6186e-08,-2.54523043478261e-08,-1.68400697674418e-08,-1.5561e-08,-1.20193333333333e-08,-1.53482340425532e-08,-1.48879230769231e-08,-1.72574285714286e-08,-1.98467142857143e-08,-1.7139947368421e-08,-1.39538571428572e-08,-1.34642258064516e-08,-2.14932033898305e-08,-9.19736363636362e-09,-6.77067741935484e-09,-2.60645454545454e-09,-1.57549275362321e-09,1.6359696969697e-09,2.72333333333333e-10,-1.50302898550728e-09,2.59689473684211e-09,4.57057894736842e-09,6.78799328859063e-09,1.0469534351145e-08
1.01596e-07,1.14096e-07,9.49293333333333e-08,8.1596e-08,6.0346e-08,4.58817142857143e-08,4.4096e-08,6.3596e-08,4.4096e-08,2.80665882352941e-08,3.73102857142857e-08,3.79848888888889e-08,2.77724705882353e-08,2.95505454545454e-08,8.64145454545453e-09,9.69123809523808e-09,7.66742857142857e-09,9.27457142857142e-09,1.49888571428571e-08,2.63048275862065e-09,-6.08257142857145e-09,-4.09844444444447e-09,-6.40400000000004e-09,-7.57066666666669e-09,-1.45955555555556e-09,-1.3404e-08,-2.2794243902439e-08,-1.9529e-08,-1.74257391304348e-08,-1.9450511627907e-08,-1.3404e-08,-1.5279e-08,-1.95742127659575e-08,-1.44616923076923e-08,-1.24218571428572e-08,-1.66182857142857e-08,-1.10355789473684e-08,-9.38614285714288e-09,-1.66298064516129e-08,-1.19633220338983e-08,-8.93430303030306e-09,-6.22658064516131e-09,-5.29793939393942e-09,-8.04168115942033e-09,-8.4797575757576e-09,-3.48444444444481e-10,3.69744927536231e-09,3.89863157894735e-09,9.6881052631579e-09,2.73693959731543e-09,1.25501984732824e-08
1.16784e-07,1.56784e-07,1.50117333333333e-07,1.11784e-07,9.7409e-08,4.24982857142857e-08,4.2784e-08,4.5784e-08,1.76173333333333e-08,2.82545882352941e-08,3.9284e-08,3.48395555555556e-08,2.06075294117647e-08,2.65567272727273e-08,1.10218181818184e-09,1.36887619047619e-08,8.74828571428573e-09,1.74982857142857e-08,1.74982857142857e-08,3.5081379310345e-09,-5.00171428571427e-09,-5.02155555555555e-09,-2.78742857142854e-09,-7.9382222222222e-09,-1.11326666666667e-08,-1.08350476190476e-08,-1.29720975609756e-08,-1.4591e-08,-1.22377391304348e-08,-1.69369302325581e-08,-9.21599999999997e-09,-1.71743333333333e-08,-1.98117446808511e-08,-1.4466e-08,-1.34838571428571e-08,-1.79481428571428e-08,-1.47072280701754e-08,-1.47338571428571e-08,-1.8457935483871e-08,-1.25380338983051e-08,-6.77660606060604e-09,-9.50632258064517e-09,-8.67515151515155e-10,-2.78121739130434e-09,-5.6402424242424e-09,-6.20211111111111e-09,1.85646376811595e-09,5.66557894736842e-09,8.23136842105261e-09,9.53567785234901e-09,1.27381984732825e-08
1.45551e-07,1.55551e-07,6.88843333333333e-08,6.9301e-08,6.9301e-08,3.12652857142857e-08,3.6551e-08,3.2051e-08,3.13843333333333e-08,2.08451176470588e-08,4.0551e-08,3.16621111111111e-08,3.23157058823529e-08,2.66873636363636e-08,4.8691818181818e-09,5.78909523809527e-09,6.08671428571426e-09,1.76938571428571e-08,1.87652857142857e-08,3.48203448275862e-09,3.76528571428571e-09,-8.06011111111112e-09,-1.16328571428573e-09,-7.36566666666667e-09,-4.21222222222203e-10,-1.20680476190476e-08,-1.71319268292683e-08,-1.2949e-08,-1.27098695652174e-08,-1.49141162790698e-08,-8.94899999999998e-09,-1.21573333333334e-08,-1.06192127659574e-08,-8.19900000000001e-09,-1.07882857142857e-08,-2.07882857142857e-08,-8.8349649122807e-09,-1.28418571428571e-08,-1.61425483870968e-08,-1.45337457627119e-08,-6.87324242424245e-09,-7.75545161290322e-09,-4.90354545454545e-09,-1.09707391304348e-08,-9.14596969696969e-09,-5.699e-09,-3.50697101449277e-09,-3.85689473684211e-09,3.24836842105263e-09,-2.87181879194632e-09,9.90214503816794e-09
1.96784e-07,9.6784e-08,1.13450666666667e-07,8.6784e-08,7.2409e-08,7.1784e-08,4.5284e-08,4.2784e-08,2.09506666666667e-08,1.94310588235294e-08,2.85697142857143e-08,3.62284444444445e-08,2.11957647058824e-08,1.33749090909091e-08,1.54203636363636e-08,2.22601904761905e-08,8.56971428571427e-09,2.01768571428572e-08,1.78554285714286e-08,-1.49186206896553e-09,-3.39457142857142e-09,-3.07711111111108e-09,3.64114285714285e-09,-7.1048888888889e-09,-1.00215555555556e-08,-1.28588571428571e-08,-1.48013658536585e-08,-2.0091e-08,-1.54986086956522e-08,-1.4262511627907e-08,-1.6016e-08,-1.29035e-08,-1.72585531914893e-08,-1.61006153846154e-08,-1.04481428571428e-08,-1.91088571428571e-08,-1.60230175438597e-08,-6.51957142857145e-09,-1.75708387096774e-08,-1.52498983050847e-08,-4.20084848484849e-09,-9.82890322580646e-09,-5.03418181818183e-09,-4.37542028985507e-09,-4.80690909090907e-09,-7.38266666666666e-09,-1.62179710144923e-09,-1.63705263157893e-09,5.86294736842108e-09,5.47651006713256e-12,1.13514503816795e-09
3.45519e-07,2.28019e-07,1.72185666666667e-07,1.49269e-07,1.38019e-07,9.90904285714286e-08,8.6019e-08,5.8519e-08,7.63523333333333e-08,3.5519e-08,3.87332857142857e-08,6.27412222222222e-08,3.49307647058824e-08,4.00644545454546e-08,3.09735454545455e-08,1.86142380952381e-08,7.84042857142861e-09,6.23328571428576e-09,1.44475714285714e-08,-2.06720689655168e-09,-4.12385714285711e-09,-1.14254444444444e-08,-4.90957142857142e-09,-1.05921111111111e-08,-1.48976666666667e-08,-1.18619523809523e-08,-1.82614878048781e-08,-1.6356e-08,-2.16549130434782e-08,-1.92484418604651e-08,-1.6081e-08,-1.70851666666667e-08,-1.98001489361702e-08,-2.01540769230769e-08,-1.58202857142857e-08,-3.35881428571428e-08,-1.63231052631579e-08,-1.78738571428571e-08,-2.05293870967742e-08,-2.2616593220339e-08,-1.08446363636363e-08,-1.18197096774193e-08,-1.08446363636363e-08,-1.26694057971014e-08,-1.16022121212121e-08,-9.0643333333333e-09,-9.40853623188404e-09,-3.36257894736843e-09,6.24268421052634e-09,4.21027516778526e-09,5.55716793893131e-09
2.11775e-07,8.1775e-08,5.6775e-08,8.3025e-08,5.115e-08,4.82035714285714e-08,3.2775e-08,2.9775e-08,2.1775e-08,2.85397058823529e-08,2.32035714285714e-08,1.70527777777778e-08,1.1775e-08,1.99568181818182e-08,6.32045454545454e-09,2.48928571428572e-09,-9.03571428571432e-10,1.95357142857143e-09,6.5964285714286e-09,-4.25948275862069e-09,-6.79642857142856e-09,1.08333333333359e-10,-6.79642857142856e-09,-5.03055555555556e-09,-5.03055555555556e-09,-1.20345238095238e-08,-7.61524390243903e-09,-1.51e-08,-8.11630434782607e-09,-8.92267441860465e-09,-6.52499999999999e-09,-4.99583333333333e-09,-1.30122340425532e-08,-5.9173076923077e-09,-1.12607142857143e-08,-2.24214285714286e-08,-7.52324561403506e-09,-3.225e-09,-1.26604838709677e-08,-1.25470338983051e-08,-1.55833333333334e-09,-6.77338709677418e-09,-5.19469696969697e-09,-6.26847826086958e-09,-2.84621212121213e-09,1.49722222222223e-09,-5.10905797101447e-09,4.66973684210528e-09,3.02500000000002e-09,7.34731543624174e-10,8.79790076335878e-09
1.31775e-07,1.34275e-07,6.6775e-08,4.9275e-08,6.4275e-08,4.10607142857143e-08,3.4775e-08,3.9275e-08,2.8025e-08,1.47161764705882e-08,3.1775e-08,2.6775e-08,1.88338235294118e-08,1.9275e-08,1.08659090909091e-08,1.10607142857143e-08,9.27500000000001e-09,8.38214285714286e-09,1.32035714285714e-08,3.95689655172423e-10,-2.68928571428571e-09,-4.33611111111108e-09,1.34642857142858e-09,-8.64166666666666e-09,-1.16972222222222e-08,-9.6535714285714e-09,-1.90786585365854e-08,-1.56e-08,-1.39858695652174e-08,-1.39226744186047e-08,-1.1425e-08,-7.70416666666665e-09,-1.01398936170213e-08,-1.17826923076923e-08,-7.0642857142857e-09,-1.10821428571428e-08,-6.55833333333334e-09,-5.27857142857142e-09,-1.33056451612903e-08,-9.91991525423729e-09,-5.04318181818181e-09,-6.37016129032258e-09,-3.45227272727271e-09,-4.96413043478261e-09,-7.84621212121211e-09,-5.23888888888887e-09,-1.26847826086957e-09,-6.5921052631578e-10,5.32763157894735e-09,3.65604026845661e-10,7.57652671755725e-09
9.19e-08,1.394e-07,1.13566666666667e-07,6.565e-08,4.8775e-08,4.83285714285714e-08,4.79e-08,4.19e-08,2.73166666666667e-08,3.77823529411765e-08,3.51142857142857e-08,3.46777777777778e-08,2.27823529411765e-08,3.73545454545455e-08,1.41727272727272e-08,1.30904761904762e-08,1.815e-08,1.97571428571429e-08,2.44e-08,-8.58620689655145e-10,1.10071428571428e-08,3.84444444444442e-09,6.18571428571427e-09,4.95555555555558e-09,-3.79444444444444e-09,-8.1e-09,-1.71243902439024e-08,-1.8475e-08,-9.18695652173914e-09,-1.9146511627907e-08,-1.9e-08,-1.42458333333333e-08,-1.84191489361702e-08,-1.19461538461539e-08,-1.6225e-08,-1.80107142857143e-08,-2.01175438596491e-08,-1.04214285714286e-08,-1.93096774193548e-08,-1.53881355932203e-08,-1.49939393939394e-08,-1.26161290322581e-08,-1.28727272727273e-08,-1.23028985507246e-08,-3.25151515151513e-09,-1.01833333333333e-08,-7.01304347826088e-09,-6.06052631578949e-09,-1.71842105263159e-09,-5.95234899328861e-09,6.13664122137404e-09
8.9456e-08,1.14456e-07,1.04456e-07,1.11956e-07,7.6956e-08,8.23131428571428e-08,4.9456e-08,7.1456e-08,4.1956e-08,2.35736470588235e-08,3.98131428571429e-08,3.02893333333333e-08,2.62207058823529e-08,2.65014545454546e-08,8.09236363636363e-09,2.55123809523811e-09,2.84885714285712e-09,7.49171428571429e-09,1.60631428571429e-08,3.18068965517238e-10,-1.2582857142857e-09,-1.65511111111111e-09,-5.11542857142856e-09,-7.34955555555557e-09,-3.59955555555555e-09,-4.82971428571429e-09,-1.67635121951219e-08,-1.7169e-08,-1.41309565217391e-08,-1.46137674418605e-08,-8.44399999999999e-09,-1.5544e-08,-1.36291063829787e-08,-1.04478461538462e-08,-1.64368571428571e-08,-1.68832857142857e-08,-1.57194385964912e-08,-7.32971428571429e-09,-1.34472258064516e-08,-1.81711186440678e-08,-8.19551515151515e-09,-1.10278709677419e-08,-8.19551515151515e-09,-7.71791304347827e-09,-9.71066666666666e-09,-5.26622222222222e-09,-4.31211594202898e-09,-2.4518947368421e-09,-1.59663157894736e-09,-2.05406711409397e-09,2.77661068702288e-09
1.58624e-07,1.41124e-07,8.19573333333333e-08,2.8624e-08,4.4874e-08,2.57668571428572e-08,1.3124e-08,2.2124e-08,1.8624e-08,8.62400000000001e-09,3.21954285714286e-08,3.3624e-08,2.48004705882353e-08,1.74876363636364e-08,6.80581818181821e-09,1.4576380952381e-08,2.19542857142859e-09,1.64811428571429e-08,7.19542857142859e-09,5.69296551724141e-09,2.55257142857145e-09,-7.07044444444443e-09,3.05257142857143e-09,3.20733333333335e-09,7.0733333333335e-10,-4.70933333333334e-09,-9.91258536585364e-09,-1.5126e-08,-1.40933913043478e-08,-1.3236465116279e-08,-1.4376e-08,-6.06349999999998e-09,-6.37599999999998e-09,-5.89523076923075e-09,-5.48314285714285e-09,-1.18224285714286e-08,-8.21810526315788e-09,-3.34028571428568e-09,-1.47630967741935e-08,-9.51159322033896e-09,-2.43660606060604e-09,-6.29535483870966e-09,-9.97212121212103e-10,-8.26005797101447e-09,-5.16387878787877e-09,-8.52877777777778e-09,-3.76730434782609e-09,-8.4968421052631e-10,1.5845263157895e-09,-3.37181208053427e-11,7.63163358778628e-09
1.55164e-07,1.25164e-07,1.03497333333333e-07,7.1414e-08,5.8914e-08,6.15925714285714e-08,2.5164e-08,5.2664e-08,3.34973333333333e-08,1.19287058823529e-08,3.19497142857143e-08,1.65528888888889e-08,2.72228235294118e-08,1.44821818181818e-08,5.61854545454544e-09,1.9211619047619e-08,1.69497142857143e-08,1.28425714285714e-08,1.21282857142857e-08,-3.80151724137934e-09,-1.44314285714285e-09,-3.44711111111111e-09,8.30685714285712e-09,-7.6137777777778e-09,-1.45582222222222e-08,-1.04312380952381e-08,-9.95795121951218e-09,-2.2211e-08,-1.64664347826087e-08,-7.97553488372093e-09,-1.2136e-08,-1.31693333333333e-08,-1.49423829787234e-08,-8.48984615384613e-09,-8.22885714285716e-09,-1.83181428571429e-08,-1.11517894736842e-08,-7.33600000000001e-09,-6.12632258064515e-09,-1.1107186440678e-08,-8.85115151515151e-09,-1.32230967741936e-08,-2.86630303030304e-09,-8.02440579710145e-09,-2.86630303030304e-09,-4.41933333333332e-09,-7.78028985507248e-10,-2.66494736842105e-09,4.24294736842107e-09,8.68697986577171e-10,6.57621374045799e-09
1.94839e-07,9.7339e-08,1.13172333333333e-07,7.6089e-08,7.2964e-08,4.05532857142857e-08,3.6839e-08,5.1839e-08,3.06723333333333e-08,1.1603705882353e-08,1.76961428571429e-08,3.03945555555556e-08,2.4839e-08,1.80208181818182e-08,9.61172727272728e-09,1.26961428571429e-08,1.3589e-08,8.94614285714286e-09,2.14461428571429e-08,5.8734827586207e-09,-2.8395714285714e-09,-8.55444444444447e-10,1.98185714285714e-09,-8.91099999999997e-09,-1.41099999999999e-09,-5.99433333333331e-09,-8.94148780487804e-09,-1.1911e-08,-1.34218695652174e-08,-1.22540232558139e-08,-1.3761e-08,-1.08901666666667e-08,-1.34588723404255e-08,-1.74686923076923e-08,-1.23931428571429e-08,-1.59645714285714e-08,-9.63468421052632e-09,-3.55385714285713e-09,-1.74997096774193e-08,-1.6432186440678e-08,-9.40342424242422e-09,-7.98358064516129e-09,-3.79736363636361e-09,-9.21897101449273e-09,-5.61554545454544e-09,-4.32766666666664e-09,8.53492753623185e-10,2.47057894736842e-09,2.66794736842106e-09,3.69806040268456e-09,2.85426717557254e-09
1.41596e-07,1.14096e-07,1.06596e-07,9.4096e-08,7.4096e-08,6.44531428571428e-08,5.4596e-08,5.0096e-08,4.07626666666667e-08,3.54195294117647e-08,4.58817142857143e-08,3.6596e-08,2.42430588235294e-08,1.95505454545455e-08,9.77781818181816e-09,1.68340952380952e-08,1.1596e-08,9.81028571428571e-09,1.39174285714285e-08,-3.92124137931038e-09,-8.04685714285717e-09,1.4571111111111e-09,-6.68971428571431e-09,-8.26511111111112e-09,-7.70955555555558e-09,-1.0904e-08,-1.69405853658537e-08,-1.8904e-08,-7.86052173913046e-09,-1.50319069767442e-08,-1.6504e-08,-5.59150000000003e-09,-1.27657021276596e-08,-1.32116923076923e-08,-1.51897142857143e-08,-1.74218571428572e-08,-1.15618947368421e-08,-1.61828571428574e-09,-1.56620645161291e-08,-1.42514576271187e-08,-7.87369696969699e-09,-1.18717419354839e-08,-6.58581818181819e-09,-8.83878260869566e-09,-4.49454545454555e-10,-5.34844444444446e-09,-3.25907246376815e-09,-2.41715789473686e-09,4.35915789473682e-09,9.91973154362405e-10,7.58836641221372e-09
2.90256e-07,1.67756e-07,1.61922666666667e-07,1.15256e-07,7.9631e-08,7.73988571428572e-08,5.2256e-08,5.7256e-08,3.48393333333334e-08,2.64324705882353e-08,2.84702857142857e-08,9.97822222222224e-09,1.11383529411765e-08,2.09378181818182e-08,1.57105454545455e-08,5.97028571428575e-09,1.11488571428572e-08,1.09702857142857e-08,1.23988571428572e-08,-2.33020689655169e-09,-4.02971428571426e-09,-1.96622222222218e-09,-1.02971428571427e-09,-8.55111111111104e-10,1.78377777777778e-09,-7.12495238095237e-09,-5.96351219512194e-09,-1.7494e-08,-1.61570434782609e-08,-1.68370232558139e-08,-1.3444e-08,-1.14106666666667e-08,-2.21908085106383e-08,-1.10901538461539e-08,-1.98332857142857e-08,-1.62618571428571e-08,-1.43054035087719e-08,-1.26011428571429e-08,-1.41794838709677e-08,-2.02524745762712e-08,-1.33803636363636e-08,-1.27278709677419e-08,-9.21369696969695e-09,-6.33820289855074e-09,-5.72884848484845e-09,-8.14677777777777e-09,1.41542028985508e-09,1.11126315789474e-09,1.12428421052632e-08,2.87344966442955e-09,9.14912977099241e-09
1.03184e-07,1.30684e-07,9.65173333333333e-08,5.6934e-08,5.6934e-08,5.24697142857143e-08,5.0184e-08,5.9184e-08,4.0684e-08,3.34781176470588e-08,4.35411428571429e-08,3.54062222222222e-08,3.70075294117647e-08,2.20476363636364e-08,1.5684e-08,2.9136380952381e-08,2.90768571428571e-08,1.80054285714286e-08,1.72911428571428e-08,5.59779310344828e-09,5.32685714285715e-09,6.37844444444444e-09,7.32685714285717e-09,5.45111111111123e-10,-5.84377777777778e-09,-2.17314285714286e-09,-9.62087804878048e-09,-1.2066e-08,-1.06203478260869e-08,-1.03043720930233e-08,-9.91599999999999e-09,-1.1191e-08,-1.2879829787234e-08,-1.07583076923077e-08,-1.17267142857143e-08,-1.59231428571429e-08,-1.12019649122807e-08,-9.4052857142857e-09,-1.64127741935484e-08,-1.26634576271186e-08,-7.7250909090909e-09,-1.21385806451613e-08,-5.75539393939393e-09,-6.23628985507245e-09,-8.10387878787877e-09,-8.69100000000001e-09,-4.78701449275363e-09,-2.4738947368421e-09,-1.71263157894733e-10,-4.66834899328858e-09,2.99316030534352e-09
1.11004e-07,1.26004e-07,6.43373333333333e-08,7.9754e-08,5.7879e-08,3.38611428571428e-08,1.5004e-08,1.9004e-08,1.01706666666667e-08,1.48275294117647e-08,2.74325714285714e-08,2.01706666666667e-08,7.18047058823529e-09,7.82218181818184e-09,1.07767272727273e-08,7.1944761904762e-09,4.39685714285713e-09,2.96828571428571e-09,8.8611428571429e-09,-8.13393103448276e-09,2.25400000000001e-09,-6.3571111111111e-09,-3.13885714285713e-09,-5.80155555555556e-09,-8.02377777777779e-09,-3.40076190476189e-09,-1.21667317073171e-08,-1.0371e-08,-8.01773913043478e-09,-1.43448372093023e-08,-2.79599999999999e-09,-4.3085e-09,-1.41023829787234e-08,-4.38061538461537e-09,-6.94242857142857e-09,-1.20317142857143e-08,-1.10126315789473e-09,1.09328571428573e-09,-5.93148387096775e-09,-1.30637966101695e-08,-4.14751515151514e-09,-6.81858064516129e-09,-4.35393939393936e-10,-7.32933333333334e-09,-2.63236363636361e-09,-8.71000000000008e-10,3.32284057971013e-09,8.06631578947364e-10,5.14873684210526e-09,3.6550067114094e-09,3.90476335877864e-09
3.12975e-07,2.05475e-07,2.16308333333333e-07,1.52975e-07,1.17975e-07,1.05117857142857e-07,9.7975e-08,5.8975e-08,8.58916666666667e-08,6.94455882352941e-08,6.33321428571428e-08,6.49194444444445e-08,5.23867647058823e-08,4.88840909090909e-08,1.16113636363637e-08,2.03559523809524e-08,-2.73928571428572e-09,3.86785714285714e-09,9.7607142857143e-09,-4.73275862068972e-10,-1.80964285714285e-08,-2.06361111111111e-08,-7.16785714285715e-09,-1.89694444444444e-08,-2.60527777777778e-08,-2.65488095238095e-08,-3.62932926829268e-08,-2.815e-08,-3.25684782608696e-08,-2.87691860465116e-08,-2.2225e-08,-2.23375e-08,-2.52164893617021e-08,-1.84673076923077e-08,-1.56857142857143e-08,-2.46142857142857e-08,-1.94811403508772e-08,-9.34642857142857e-09,-1.37991935483871e-08,-7.78771186440678e-09,-4.37348484848483e-09,-5.1701612903226e-09,-2.06818181818161e-10,-1.88007246376813e-09,5.50757575757604e-10,1.03055555555557e-09,2.61268115942029e-09,4.94868421052633e-09,6.92236842105264e-09,2.43808724832214e-09,7.86049618320612e-09
2.14839e-07,1.34839e-07,9.65056666666667e-08,8.4839e-08,7.8589e-08,3.12675714285715e-08,2.58390000000001e-08,4.9339e-08,2.77556666666667e-08,1.01331176470588e-08,3.26961428571429e-08,2.87278888888889e-08,1.71919411764706e-08,2.09753636363636e-08,9.75363636363664e-10,3.64852380952381e-09,1.32318571428572e-08,1.59104285714286e-08,9.66042857142861e-09,1.73555172413794e-09,-6.05385714285713e-09,-3.7721111111111e-09,5.69614285714288e-09,1.50566666666667e-09,-6.13322222222219e-09,-5.51814285714286e-09,-6.86831707317072e-09,-1.8286e-08,-1.41827391304348e-08,-2.95169767441859e-09,-9.56099999999999e-09,-4.32766666666664e-09,-5.58653191489358e-09,-3.3340769230769e-09,-1.38217142857143e-08,-1.47145714285714e-08,-1.50732807017544e-08,-9.26814285714285e-09,-1.41932580645161e-08,-1.43135423728813e-08,-1.02367575757576e-08,-8.95132258064515e-09,-8.19130303030301e-09,-9.0015797101449e-09,-4.25190909090907e-09,-9.04988888888888e-09,-2.40737681159419e-09,1.22057894736843e-09,3.5232105263158e-09,-1.94557046979852e-10,3.19777862595421e-09
1.13536e-07,1.01036e-07,1.00202666666667e-07,7.4786e-08,8.6661e-08,3.99645714285714e-08,3.9536e-08,4.0536e-08,1.89526666666667e-08,2.91242352941176e-08,2.99645714285714e-08,2.04804444444444e-08,2.41242352941176e-08,1.94450909090909e-08,6.94509090909089e-09,5.20266666666668e-09,6.75028571428571e-09,1.21074285714286e-08,1.96074285714286e-08,-2.57103448275859e-10,-3.07114285714284e-09,-1.6028888888889e-09,-3.46400000000001e-09,-9.65844444444445e-09,-9.79733333333333e-09,-3.96400000000002e-09,-1.07322926829268e-08,-1.6089e-08,-1.54857391304348e-08,-8.55702325581397e-09,-1.4464e-08,-9.17233333333334e-09,-1.30597446808511e-08,-1.37716923076923e-08,-9.0532857142857e-09,-1.5839e-08,-9.88505263157896e-09,-1.46782857142857e-08,-1.05769032258065e-08,-1.38368813559322e-08,-1.21458181818182e-08,-5.33496774193548e-09,-1.31248484848483e-09,-5.30457971014492e-09,-7.22157575757579e-09,-2.85288888888889e-09,-8.11826086956533e-10,-1.66136842105266e-09,-1.26663157894736e-09,2.12660402684562e-09,6.81844274809163e-09
1.40039000000001e-07,2.22539e-07,2.38372333333333e-07,1.62539e-07,1.68164e-07,1.25753285714286e-07,1.35039e-07,1.30539e-07,1.27539e-07,9.5039e-08,1.08610428571429e-07,7.42056666666667e-08,7.29801764705882e-08,7.16299090909091e-08,4.95844545454545e-08,4.36104285714285e-08,4.82532857142857e-08,4.21818571428571e-08,3.27175714285714e-08,1.0039e-08,8.43185714285713e-09,-6.90544444444445e-09,-3.24671428571432e-09,-9.12766666666671e-09,-2.06554444444445e-08,-2.38895714285715e-08,-2.61805121951219e-08,-3.3961e-08,-3.2461e-08,-2.75191395348837e-08,-3.3761e-08,-2.61068333333333e-08,-3.33652553191489e-08,-2.85186923076923e-08,-3.3711e-08,-3.54074285714286e-08,-3.08381929824562e-08,-2.41574285714286e-08,-2.78642258064516e-08,-2.28423559322034e-08,-2.12488787878788e-08,-1.75416451612903e-08,-1.47337272727273e-08,-1.92363623188406e-08,-9.20342424242425e-09,-8.91933333333334e-09,-1.19288405797102e-09,-7.19784210526316e-09,3.85478947368418e-09,5.44295302010967e-12,8.0160992366412e-09
1.73536e-07,1.53536e-07,8.02026666666667e-08,1.04786e-07,8.6036e-08,5.49645714285714e-08,6.1036e-08,5.0536e-08,2.56193333333333e-08,2.20654117647059e-08,3.31788571428572e-08,2.15915555555556e-08,1.20654117647058e-08,2.92178181818182e-08,1.26327272727272e-09,7.82171428571427e-09,1.92885714285716e-09,1.43142857142857e-10,9.78600000000001e-09,-9.39503448275862e-09,-7.4971428571427e-10,-6.18622222222223e-09,-1.71782857142857e-08,-1.5214e-08,-9.38066666666665e-09,-1.71782857142857e-08,-2.01225365853658e-08,-1.4339e-08,-9.39878260869563e-09,-1.57663255813953e-08,-8.66400000000003e-09,-4.7973333333333e-09,-1.56129361702128e-08,4.59076923076947e-10,-4.41042857142858e-09,-1.23568571428572e-08,-8.56926315789475e-09,-6.37471428571427e-09,-8.88335483870969e-09,-1.16334915254237e-08,-4.11551515151516e-09,-3.3188387096774e-09,-3.20642424242426e-09,-6.66898550724665e-10,-7.97915151515153e-09,-1.25566666666668e-09,4.91281159420289e-09,-3.45578947368447e-10,9.52284210526317e-09,1.62324832214766e-09,8.95584732824426e-09
2.57671000000001e-07,1.45171e-07,1.39337666666667e-07,1.43921e-07,9.6421e-08,9.33852857142857e-08,5.7171e-08,7.1671e-08,7.0171e-08,4.47298235294117e-08,4.7671e-08,4.12821111111111e-08,4.09062941176471e-08,4.31255454545455e-08,1.78982727272727e-08,2.69567142857142e-08,2.15995714285714e-08,1.23138571428571e-08,1.99924285714286e-08,-9.39796551724141e-09,-6.97185714285719e-09,-1.02456666666667e-08,-1.20432857142857e-08,-1.02456666666667e-08,-1.70512222222222e-08,-1.67337619047619e-08,-2.7329e-08,-2.8079e-08,-2.81985652173913e-08,-2.96545813953489e-08,-2.4029e-08,-2.1079e-08,-2.1797085106383e-08,-1.50213076923077e-08,-1.9829e-08,-2.57218571428572e-08,-1.99605789473684e-08,-1.25968571428572e-08,-1.74902903225806e-08,-2.49561186440678e-08,-1.51320303030303e-08,-9.4257741935484e-09,-1.1268393939394e-08,-1.53000144927536e-08,-1.72293939393939e-09,-4.06511111111112e-09,6.07679710144923e-09,4.97363157894732e-09,1.05657368421052e-08,1.14293892617449e-08,1.05335954198473e-08
7.1004e-08,1.08504e-07,1.07670666666667e-07,7.3504e-08,5.7254e-08,3.81468571428572e-08,3.7504e-08,3.8504e-08,2.05873333333333e-08,1.74745882352941e-08,3.74325714285714e-08,3.71151111111111e-08,2.80628235294118e-08,1.62312727272727e-08,3.73127272727274e-09,6.00400000000001e-09,8.14685714285712e-09,1.61825714285714e-08,1.58254285714286e-08,-1.23737931034482e-09,3.32542857142857e-09,3.504e-09,4.43257142857144e-09,-1.07933333333332e-09,-2.45999999999988e-10,-9.35314285714287e-09,-9.48380487804876e-09,-7.121e-09,-1.18220869565217e-08,-9.34483720930232e-09,-1.0796e-08,-8.16266666666665e-09,-1.21874893617021e-08,-9.09215384615384e-09,-1.07817142857143e-08,-1.06031428571429e-08,-1.42591578947368e-08,-6.31742857142855e-09,-1.77056774193548e-08,-8.65701694915254e-09,-9.07175757575758e-09,-8.59277419354838e-09,-8.08690909090908e-09,-4.86556521739132e-09,-2.55660606060604e-09,-4.27377777777777e-09,-1.16991304347826e-09,-3.46968421052632e-09,3.89873684210528e-09,-3.3919731543624e-09,2.6070534351145e-09
2.58524e-07,1.51024e-07,2.03524e-07,1.21024e-07,1.19149e-07,6.70954285714286e-08,5.95240000000001e-08,9.1024e-08,3.18573333333333e-08,4.79357647058824e-08,2.63811428571428e-08,4.24128888888889e-08,3.29357647058823e-08,3.44330909090909e-08,8.97854545454547e-09,1.30478095238095e-08,1.13811428571428e-08,1.2274e-08,1.62025714285714e-08,-1.30358620689654e-09,-4.33314285714284e-09,1.024e-09,-3.61885714285715e-09,-1.05037777777778e-08,-9.25377777777781e-09,-1.31426666666667e-08,-1.86711219512195e-08,-1.3351e-08,-1.43020869565218e-08,-1.79876279069767e-08,-1.4976e-08,-1.63718333333333e-08,-1.28589787234043e-08,-1.6476e-08,-2.18331428571429e-08,-2.15652857142857e-08,-1.99847719298246e-08,-1.05831428571429e-08,-2.3734064516129e-08,-2.19844745762712e-08,-4.05175757575758e-09,-1.36534193548387e-08,-4.50630303030304e-09,-1.06064347826087e-08,-7.76387878787878e-09,3.10733333333332e-09,-2.70788405797102e-09,-7.00231578947373e-09,8.45821052631578e-09,2.28238926174496e-09,1.0317893129771e-08
2.9456e-08,9.6956e-08,3.77893333333333e-08,5.4456e-08,7.0081e-08,2.30274285714286e-08,3.4456e-08,3.8456e-08,3.15393333333333e-08,2.53383529411765e-08,3.30274285714286e-08,3.22337777777778e-08,2.12207058823529e-08,2.49105454545455e-08,1.95599999999999e-09,1.23131428571428e-08,1.55274285714286e-08,9.81314285714284e-09,1.80274285714286e-08,5.31806896551722e-09,2.84885714285712e-09,6.26155555555555e-09,9.31314285714285e-09,8.48377777777778e-09,-4.0162222222222e-09,2.55123809523811e-09,-7.00741463414633e-09,-6.04400000000002e-09,-4.02226086956521e-09,-6.59051162790696e-09,-4.24399999999999e-09,-1.29398333333333e-08,-1.5544e-08,-1.26593846153846e-08,-1.18832857142857e-08,-1.44725714285714e-08,-1.42282105263158e-08,-9.38328571428571e-09,-1.19149677419355e-08,-1.5544e-08,-8.34703030303032e-09,-1.10278709677419e-08,-8.42278787878789e-09,-1.03266086956522e-08,-1.02409696969697e-08,-1.02662222222222e-08,-7.21066666666666e-09,-8.96505263157895e-09,-4.35978947368422e-09,-5.44332885906039e-09,-3.14992366412223e-10
1.52511e-07,1.60011e-07,1.40844333333333e-07,8.0011e-08,7.8761e-08,7.17967142857143e-08,3.8511e-08,6.5011e-08,3.3761e-08,3.89815882352941e-08,3.7511e-08,2.55665555555555e-08,2.89815882352941e-08,2.66019090909091e-08,1.38746363636363e-08,5.36814285714283e-09,7.6895714285714e-09,3.76099999999998e-09,6.08242857142855e-09,-3.35106896551726e-09,2.33242857142856e-09,-9.57233333333334e-09,-8.91757142857144e-09,-9.989e-09,-1.29056666666667e-08,-1.10604285714286e-08,-2.05377804878049e-08,-1.8114e-08,-1.23803043478261e-08,-1.51634186046512e-08,-2.0289e-08,-1.3739e-08,-1.7489e-08,-1.7489e-08,-1.53461428571429e-08,-2.25782857142857e-08,-1.91556666666667e-08,-6.23900000000001e-09,-1.78922258064516e-08,-1.66415423728814e-08,-5.74657575757576e-09,-8.61803225806454e-09,-1.65566666666671e-09,-1.22716086956522e-08,7.68575757575725e-10,-4.22511111111114e-09,5.04723188405794e-09,5.40573684210524e-09,8.95836842105259e-09,1.19069731543624e-08,1.52972595419847e-08
1.37591e-07,1.05091e-07,8.59243333333333e-08,9.1341e-08,8.0091e-08,6.54481428571429e-08,5.2591e-08,5.8091e-08,4.05076666666667e-08,3.55321764705882e-08,3.7591e-08,2.59243333333333e-08,3.40615882352941e-08,2.66819090909091e-08,1.10000909090909e-08,1.56862380952381e-08,1.72338571428572e-08,1.65195714285715e-08,2.29481428571429e-08,2.59100000000003e-09,2.76957142857146e-09,5.78544444444445e-09,6.87671428571428e-09,-4.78888888888608e-11,-3.93677777777776e-09,-1.81376190476187e-09,-7.40899999999998e-09,-1.1284e-08,-7.95247826086953e-09,-2.87411627906977e-09,-3.90899999999999e-09,-8.24233333333332e-09,-1.75153829787234e-08,-1.54859230769231e-08,-8.8375714285714e-09,-1.95518571428571e-08,-1.6268649122807e-08,-1.2409e-08,-2.16831935483871e-08,-2.08835762711864e-08,-1.45302121212121e-08,-1.78122258064516e-08,-1.1878696969697e-08,-1.35684202898551e-08,-7.86354545454545e-09,-1.33812222222222e-08,-4.5104492753623e-09,-6.68531578947368e-09,9.46263157894738e-10,-7.54322818791943e-09,2.01848091603056e-09
2.079e-07,1.429e-07,9.79e-08,8.79e-08,6.04e-08,5.36142857142857e-08,2.89e-08,1.59e-08,9.56666666666671e-09,9.0764705882353e-09,2.39714285714286e-08,9.28888888888891e-09,1.14294117647059e-08,1.33545454545455e-08,-2.32727272727273e-09,4.0904761904762e-09,8.07857142857142e-09,4.28571428571423e-11,9.68571428571426e-09,-4.68620689655174e-09,-3.52857142857142e-09,1.22222222222208e-10,-1.52857142857143e-09,-4.6e-09,-1.55555555555535e-10,-2.21904761904764e-09,-1.30756097560976e-08,-1.585e-08,-1.64478260869565e-08,-1.54720930232558e-08,-1.11e-08,-8.14166666666665e-09,-1.24191489361702e-08,-8.44615384615385e-09,-7.27857142857141e-09,-1.04928571428571e-08,-9.81929824561405e-09,9.35714285714296e-10,-1.39548387096774e-08,-6.93050847457624e-09,-6.11515151515153e-09,-8.06774193548386e-09,-1.0130303030303e-08,-2.31739130434783e-09,-4.22121212121211e-09,-1.66666666666503e-11,7.39130434782607e-11,4.34736842105263e-09,1.17815789473684e-08,9.8798657718121e-09,9.57938931297708e-09
1.43184e-07,1.08184e-07,1.13184e-07,9.5684e-08,7.6309e-08,5.10411428571428e-08,5.0184e-08,5.9684e-08,3.90173333333333e-08,2.73016470588235e-08,3.85411428571429e-08,2.92951111111111e-08,2.90663529411765e-08,2.72749090909091e-08,7.95672727272728e-09,1.9136380952381e-08,1.76482857142857e-08,1.21125714285714e-08,1.30054285714286e-08,-4.74703448275862e-09,-9.13742857142857e-09,-3.48266666666664e-09,-4.95885714285713e-09,-1.0566e-08,-1.40382222222222e-08,-1.90779047619048e-08,-1.71818536585366e-08,-9.81599999999999e-09,-1.29029565217391e-08,-1.10020465116279e-08,-1.5916e-08,-1.03576666666667e-08,-1.16032340425532e-08,-1.66236923076923e-08,-1.62802857142857e-08,-2.08338571428571e-08,-1.34826666666666e-08,-1.11017142857143e-08,-1.7057935483871e-08,-1.03753220338983e-08,-1.07553939393939e-08,-9.07406451612903e-09,-1.20993939393939e-09,-8.12034782608694e-09,-4.39175757575757e-09,1.17011111111112e-09,-2.39571014492752e-09,-1.88178947368422e-09,7.26294736842105e-09,3.15044295302016e-09,6.4282748091603e-09
7.5164e-08,1.62664e-07,9.34973333333333e-08,8.7664e-08,7.6414e-08,6.87354285714285e-08,5.5164e-08,4.5664e-08,4.18306666666667e-08,3.36934117647059e-08,2.98068571428571e-08,3.18306666666667e-08,1.36934117647058e-08,2.42549090909091e-08,1.15276363636364e-08,9.92590476190473e-09,1.85568571428571e-08,1.58782857142857e-08,1.17711428571429e-08,-1.73255172413796e-09,-6.97885714285712e-09,-4.41933333333332e-09,-5.40742857142858e-09,-1.21971111111111e-08,-1.26137777777778e-08,-1.97169523809524e-08,-1.89823414634146e-08,-1.5461e-08,-2.17925217391304e-08,-1.29755348837209e-08,-1.6636e-08,-1.69193333333333e-08,-1.83466382978724e-08,-1.24321538461538e-08,-1.26931428571429e-08,-1.80502857142857e-08,-1.68535438596491e-08,-6.88957142857142e-09,-1.4594064516129e-08,-1.39037966101695e-08,-7.86630303030304e-09,-1.02392258064516e-08,8.82424242424056e-11,-8.16933333333334e-09,-4.38145454545454e-09,-3.58600000000002e-09,3.35240579710142e-09,-1.02021052631579e-09,1.64000000000001e-10,7.94923489932886e-09,1.16525496183206e-08
2.48156e-07,1.85656e-07,1.83156e-07,1.04406e-07,1.22531e-07,5.95845714285714e-08,7.3156e-08,4.5656e-08,3.10726666666667e-08,3.72736470588235e-08,4.52988571428572e-08,3.62115555555556e-08,3.93324705882353e-08,5.36105454545454e-08,1.77014545454545e-08,2.07750476190476e-08,2.4406e-08,8.69171428571428e-09,1.0656e-08,-3.05089655172413e-09,-4.34400000000003e-09,-7.81622222222222e-09,1.72742857142856e-09,-1.32328888888889e-08,-6.28844444444444e-09,-1.23201904761905e-08,-8.42936585365857e-09,-1.9844e-08,-1.88005217391304e-08,-2.03323720930232e-08,-2.6644e-08,-2.16356666666667e-08,-2.6312085106383e-08,-1.61709230769231e-08,-1.59511428571428e-08,-2.03261428571428e-08,-1.66685614035088e-08,-1.3094e-08,-2.16827096774194e-08,-1.16745084745763e-08,-1.35864242424242e-08,-1.49891612903226e-08,-1.54046060606061e-08,-1.32932753623188e-08,-9.95006060606064e-09,-8.8578888888889e-09,-3.36573913043475e-09,2.61263157894703e-10,-4.62421052631596e-10,2.18284563758389e-09,3.15599999999998e-09
1.49431e-07,1.14431e-07,1.42764333333333e-07,1.24431e-07,1.00681e-07,8.4431e-08,4.4931e-08,4.4431e-08,4.60976666666667e-08,3.7666294117647e-08,4.65738571428572e-08,3.63754444444444e-08,3.91368823529412e-08,3.92037272727273e-08,2.28400909090909e-08,2.60976666666667e-08,2.05024285714286e-08,2.60381428571428e-08,2.55024285714286e-08,1.20172068965517e-08,3.00242857142858e-09,-8.46777777777779e-10,4.00242857142855e-09,-1.09856666666667e-08,8.19888888888916e-10,-2.83090476190474e-09,-2.02031463414634e-08,-1.4694e-08,-1.33950869565217e-08,-1.31271395348837e-08,-1.0969e-08,-1.4319e-08,-1.84413404255319e-08,-1.39343846153846e-08,-1.32475714285714e-08,-2.03011428571429e-08,-1.41654912280702e-08,-1.08368571428571e-08,-2.04077096774194e-08,-1.13317118644068e-08,-1.10235454545454e-08,-1.95206129032258e-08,-8.75081818181816e-09,-1.11487101449275e-08,-7.00839393939392e-09,-7.444e-09,-4.04726086956521e-09,-3.39794736842106e-09,1.33889473684211e-09,-2.07906711409394e-09,6.83558015267174e-09
2.9456e-08,8.9456e-08,8.11226666666667e-08,6.4456e-08,6.9456e-08,5.80274285714286e-08,4.9956e-08,6.1956e-08,2.61226666666667e-08,2.85736470588235e-08,3.9456e-08,2.50115555555556e-08,1.62207058823529e-08,1.76378181818182e-08,5.36509090909093e-09,9.93219047619047e-09,1.6956e-08,1.49917142857143e-08,1.64202857142857e-08,3.24910344827584e-09,-9.11542857142857e-09,2.09488888888888e-09,6.45599999999999e-09,-3.87733333333334e-09,-5.26622222222222e-09,-3.75828571428571e-09,-1.15196097560976e-08,-1.4044e-08,-1.08700869565217e-08,-9.14865116279068e-09,-1.1244e-08,-1.07523333333333e-08,-1.4480170212766e-08,-8.81323076923078e-09,-1.34011428571429e-08,-1.72404285714286e-08,-1.14211929824561e-08,-1.20618571428571e-08,-1.14310967741935e-08,-1.19846779661017e-08,-1.06955151515152e-08,-1.18343225806452e-08,-5.01369696969698e-09,-7.71791304347827e-09,-1.30157575757577e-09,-3.53011111111112e-09,1.55744927536232e-09,5.74421052631564e-10,2.08757894736841e-09,1.97277852348995e-09,1.40256488549619e-09
1.16816e-07,1.41816e-07,1.41816e-07,1.09316e-07,1.09316e-07,8.32445714285714e-08,4.7316e-08,6.3316e-08,5.13993333333333e-08,4.06395294117647e-08,3.50302857142857e-08,3.9316e-08,2.32865882352941e-08,3.29523636363636e-08,2.54523636363636e-08,2.13398095238095e-08,1.5566e-08,2.4316e-08,2.73517142857143e-08,5.09186206896553e-09,1.00302857142857e-08,-8.46177777777778e-09,3.87428571428576e-10,-6.23955555555558e-09,-1.79511111111114e-09,-5.80304761904762e-09,-7.20839024390245e-09,-1.2934e-08,-1.8184e-08,-1.22537674418605e-08,-9.084e-09,-1.46423333333333e-08,-1.85031489361702e-08,-1.87609230769231e-08,-2.37197142857143e-08,-2.58625714285714e-08,-2.21313684210527e-08,-1.8184e-08,-2.3184e-08,-1.48789152542373e-08,-1.71991515151516e-08,-1.98775483870967e-08,-1.53809696969697e-08,-1.00680579710145e-08,-6.06278787878791e-09,-6.84000000000008e-10,-9.41588405797103e-09,-6.73663157894736e-09,-3.90768421052631e-09,-4.19071140939596e-09,2.35035114503816e-09
1.76599e-07,2.69099e-07,2.14932333333333e-07,1.51599e-07,1.09724e-07,1.00170428571429e-07,7.4599e-08,6.1599e-08,7.57656666666666e-08,6.36578235294118e-08,5.12418571428571e-08,5.18767777777778e-08,3.07166470588235e-08,3.81899090909091e-08,1.50080909090909e-08,1.75513809523809e-08,1.4099e-08,1.44561428571428e-08,7.67042857142855e-09,-5.64237931034487e-09,-1.2151e-08,-6.59544444444444e-09,1.00275714285714e-08,-5.06766666666669e-09,-1.3176666666667e-09,-1.54248095238095e-08,-1.74253902439024e-08,-2.2776e-08,-1.42705652173913e-08,-2.27033255813954e-08,-1.7201e-08,-1.22551666666667e-08,-2.42520638297872e-08,-1.3401e-08,-1.97402857142857e-08,-1.9026e-08,-2.05062631578947e-08,-2.09902857142857e-08,-1.67880967741936e-08,-2.07738813559322e-08,-1.36282727272727e-08,-1.72719677419355e-08,-1.13555454545455e-08,-1.05024492753623e-08,-5.74948484848486e-09,-2.22044444444443e-09,8.01898550724633e-10,3.83584210526313e-09,9.42794736842105e-09,9.18289261744966e-09,1.04539618320611e-08
2.20799e-07,1.18299e-07,1.37465666666667e-07,8.4549e-08,6.7049e-08,5.15132857142857e-08,6.4799e-08,3.1799e-08,4.03823333333333e-08,2.13872352941176e-08,3.61561428571428e-08,3.44101111111111e-08,2.87401764705882e-08,2.71626363636364e-08,9.43536363636365e-09,7.22757142857143e-09,1.00847142857143e-08,2.09775714285714e-08,8.83471428571428e-09,8.2127931034483e-09,-5.98671428571428e-09,-4.06211111111111e-09,-5.91528571428572e-09,-7.11766666666666e-09,-7.39544444444442e-09,-1.24152857142857e-08,-1.52985609756097e-08,-1.9326e-08,-1.31140434782609e-08,-1.97823953488372e-08,-1.2001e-08,-1.46176666666667e-08,-2.04775957446808e-08,-1.72779230769231e-08,-1.66117142857143e-08,-1.7326e-08,-1.49904736842105e-08,-1.06295714285714e-08,-1.76687419354839e-08,-1.64043898305085e-08,-7.3070606060606e-09,-8.63648387096772e-09,-8.44342424242424e-09,-1.23894057971014e-08,-1.05646363636364e-08,-5.38155555555556e-09,-5.36042028985508e-09,7.99000000000006e-10,9.22005263157892e-09,3.34933557046979e-09,1.07226641221374e-08
1.54839e-07,1.07339e-07,1.23172333333333e-07,6.6089e-08,6.6714e-08,3.62675714285714e-08,1.5339e-08,3.3839e-08,1.06723333333333e-08,1.63095882352942e-08,1.84104285714286e-08,2.06723333333333e-08,2.21919411764706e-08,1.77935454545455e-08,1.32480909090909e-08,5.79138095238098e-09,5.55328571428573e-09,2.69614285714287e-09,6.98185714285715e-09,-4.29893103448276e-09,-1.03395714285714e-08,-8.07766666666666e-09,-1.81428571428475e-11,-6.82766666666664e-09,-7.93877777777777e-09,-7.18480952380951e-09,-1.34536829268293e-08,-1.4036e-08,-1.04870869565217e-08,-1.42307674418604e-08,-1.1961e-08,-7.55683333333332e-09,-8.35248936170212e-09,-8.5263846153846e-09,-9.98242857142858e-09,-1.48931428571429e-08,-1.07750350877193e-08,-6.85742857142855e-09,-1.37900322580645e-08,-1.04152372881356e-08,-2.88827272727273e-09,-6.77390322580643e-09,7.48090909090932e-10,-9.58101449275351e-10,8.23848484848474e-10,-1.82766666666664e-09,3.75204347826089e-09,2.53636842105264e-09,1.08900000000002e-09,2.82557718120806e-09,8.65579389312979e-09
1.93311e-07,1.20811e-07,1.01644333333333e-07,7.7061e-08,9.8936e-08,4.3311e-08,5.3811e-08,4.8811e-08,3.4561e-08,2.94874705882353e-08,4.04538571428571e-08,3.96998888888889e-08,3.30168823529412e-08,2.80837272727273e-08,2.01291818181818e-08,1.40252857142857e-08,1.25967142857143e-08,1.67038571428572e-08,1.56324285714286e-08,-3.09689655172432e-10,7.23957142857144e-09,1.36655555555556e-09,-3.26042857142858e-09,-4.74455555555555e-09,-6.41122222222222e-09,-2.16519047619046e-09,-1.04694878048781e-08,-1.4814e-08,-8.97160869565216e-09,-1.30843488372093e-08,-1.3189e-08,-1.09598333333333e-08,-1.2220914893617e-08,-1.58236153846154e-08,-1.57068571428571e-08,-2.11532857142857e-08,-1.0548649122807e-08,-9.54614285714285e-09,-1.72535161290323e-08,-1.44856101694915e-08,-8.58293939393939e-09,-1.02373870967742e-08,-6.61324242424242e-09,-1.1689e-08,-1.22950606060606e-08,-1.53695555555556e-08,-2.1962463768116e-09,-4.97847368421053e-09,6.13631578947357e-10,9.28449664429539e-10,6.0107633587787e-10
1.37671e-07,1.87671e-07,1.69337666666667e-07,1.45171e-07,9.0796e-08,7.62424285714285e-08,6.1171e-08,5.4171e-08,4.85043333333333e-08,4.70827647058824e-08,6.7671e-08,4.68376666666666e-08,4.56121764705882e-08,3.56255454545455e-08,2.53982727272727e-08,2.40995714285714e-08,6.06385714285714e-09,1.58852857142857e-08,1.49924285714285e-08,8.53306896551721e-09,-7.5714285714485e-12,-2.60677777777779e-09,-1.90042857142857e-09,-8.57900000000004e-09,-9.13455555555558e-09,-1.61385238095238e-08,-1.92802195121951e-08,-2.2954e-08,-1.53724782608696e-08,-1.59336511627907e-08,-1.8829e-08,-1.4204e-08,-2.19034680851064e-08,-2.01174615384615e-08,-1.44718571428572e-08,-2.11682857142857e-08,-1.60132105263158e-08,-1.08111428571429e-08,-1.90225483870968e-08,-1.64815423728814e-08,-8.76839393939394e-09,-1.62806129032258e-08,-1.00562727272727e-08,-1.49376956521739e-08,-9.9047575757576e-09,-6.77344444444446e-09,-4.50291304347828e-09,-5.52684210526317e-10,2.21047368421049e-09,4.56234899328857e-10,5.9916106870229e-09
2.31079e-07,1.66079e-07,1.44412333333333e-07,1.06079e-07,6.9204e-08,8.1079e-08,5.0079e-08,5.2079e-08,3.7329e-08,3.13731176470588e-08,4.96504285714286e-08,3.55234444444444e-08,2.63731176470588e-08,2.90335454545454e-08,1.67608181818182e-08,9.88852380952379e-09,1.62575714285714e-08,1.80432857142857e-08,1.4829e-08,-3.00310344827598e-10,7.21857142857145e-10,-1.29487777777778e-08,-1.02067142857143e-08,-4.33766666666671e-09,-1.00321111111111e-08,-1.03495714285714e-08,-1.13600243902439e-08,-1.0546e-08,-1.44644782608696e-08,-1.03163488372093e-08,-1.6621e-08,-1.0171e-08,-1.50912127659575e-08,-1.27671538461539e-08,-1.21352857142857e-08,-1.7046e-08,-1.76929298245614e-08,-1.10638571428571e-08,-1.79532580645161e-08,-1.28193050847458e-08,-4.52706060606065e-09,-1.23080967741935e-08,-1.31634242424242e-08,-2.54418840579712e-09,-8.69372727272727e-09,-3.0988888888892e-10,-3.12389855072467e-09,-5.30257894736843e-09,-1.48678947368422e-09,-6.50489261744969e-09,7.45304580152672e-09
2.13376e-07,1.48376e-07,1.40042666666667e-07,1.04626e-07,1.32126e-07,8.98045714285714e-08,5.9876e-08,8.2376e-08,5.87926666666667e-08,4.51407058823529e-08,5.37331428571428e-08,4.44871111111111e-08,2.66112941176471e-08,1.76941818181818e-08,-2.60363636363621e-10,1.23314285714288e-09,-8.40971428571425e-09,-2.874e-09,6.94742857142858e-09,-8.52055172413793e-09,-2.32311428571428e-08,-1.74573333333333e-08,-7.05257142857144e-09,-1.9124e-08,-1.81517777777778e-08,-1.59097142857143e-08,-2.65020487804878e-08,-2.5874e-08,-2.39066086956522e-08,-2.13914418604651e-08,-1.1224e-08,-1.48531666666667e-08,-1.64112340425532e-08,-5.56630769230768e-09,-1.18025714285714e-08,-1.43025714285714e-08,-8.46610526315789e-09,2.12600000000003e-09,-9.44658064516128e-09,-1.11155254237288e-08,4.66387878787882e-09,-2.83367741935482e-09,2.92145454545455e-09,-3.07327536231883e-09,1.40630303030305e-09,8.65377777777779e-09,4.10063768115941e-09,7.38915789473686e-09,1.34417894736842e-08,9.24848322147652e-09,1.00553893129771e-08
8.3184e-08,1.03184e-07,1.03184e-07,9.3184e-08,6.2559e-08,7.96125714285715e-08,4.8684e-08,4.1684e-08,1.90173333333333e-08,2.52428235294118e-08,2.49697142857143e-08,2.87395555555556e-08,1.67134117647059e-08,1.75021818181819e-08,2.95672727272728e-09,7.23161904761904e-09,1.22911428571429e-08,1.24697142857143e-08,1.24697142857143e-08,-6.09103448275861e-10,-3.95885714285714e-09,-9.8266666666666e-10,7.55428571428596e-10,-5.84377777777778e-09,-2.51044444444444e-09,-1.13398095238095e-08,-1.07184390243902e-08,-5.56599999999999e-09,-8.33773913043477e-09,-8.56018604651162e-09,-7.516e-09,-3.27433333333332e-09,-7.45429787234044e-09,-1.24890769230769e-08,-8.69100000000001e-09,-1.72624285714286e-08,-1.62019649122807e-08,-1.13695714285714e-08,-1.52837419354839e-08,-2.13075254237288e-08,-1.1816e-08,-9.47729032258063e-09,-9.06909090909065e-10,-9.64208695652172e-09,-4.54327272727273e-09,-5.07988888888888e-09,1.87965217391307e-09,-3.6863157894737e-10,5.74978947368421e-09,-3.91946308726076e-12,7.38247328244274e-09
1.12551e-07,5.7551e-08,4.58843333333334e-08,2.8801e-08,3.5676e-08,3.32652857142857e-08,2.3051e-08,2.6551e-08,1.1301e-08,1.51980588235294e-08,2.43367142857143e-08,2.06065555555556e-08,1.49039411764706e-08,2.34600909090909e-08,5.73281818181818e-09,1.32652857142857e-08,8.44385714285714e-09,8.44385714285714e-09,8.97957142857143e-09,6.51651724137932e-09,-1.27571428571426e-10,1.85655555555556e-09,1.69385714285716e-09,-9.21222222222214e-10,2.13433333333335e-09,-6.37757142857142e-09,-5.86363414634146e-09,-1.0824e-08,-8.53595652173912e-09,-6.75132558139533e-09,-2.94900000000001e-09,-2.34483333333334e-09,-1.04277234042553e-08,-2.35284615384614e-09,-2.09185714285711e-09,-1.00382857142857e-08,-4.55426315789473e-09,-3.2525714285714e-09,-9.38448387096773e-09,-6.51679661016948e-09,-3.0550606060606e-09,-4.949e-09,-2.449e-09,-5.20262318840578e-09,-5.17627272727273e-09,-1.75455555555555e-09,-4.98523188405795e-09,-1.98847368421053e-09,9.72052631578967e-10,-6.57651677852348e-09,1.86397709923665e-09
9.3376e-08,1.93376e-07,1.55042666666667e-07,1.23376e-07,1.02126e-07,6.55188571428572e-08,7.9376e-08,6.6376e-08,4.54593333333333e-08,3.66112941176471e-08,4.87331428571428e-08,4.86537777777778e-08,4.74936470588235e-08,3.99669090909091e-08,1.8376e-08,1.48045714285714e-08,1.5876e-08,1.87331428571429e-08,9.26885714285715e-09,-3.69296551724139e-09,3.55457142857145e-09,-1.20733333333331e-09,-9.62399999999998e-09,-2.73511111111109e-09,-1.07906666666667e-08,-1.49573333333333e-08,-1.90630243902439e-08,-1.3874e-08,-1.04283478260869e-08,-1.2670511627907e-08,-1.2124e-08,-1.57906666666667e-08,-1.46027234042553e-08,-1.4124e-08,-1.7874e-08,-2.37668571428572e-08,-2.41678596491228e-08,-1.55525714285714e-08,-1.33175483870968e-08,-1.28104406779661e-08,-9.80581818181817e-09,-1.08175483870967e-08,-4.0482424242424e-09,-3.50805797101449e-09,-5.26036363636363e-09,-1.27677777777776e-09,-4.81240579710143e-09,-6.95294736842105e-09,6.12842105263183e-10,-4.83060402684543e-10,1.92561832061071e-09
1.82759e-07,1.67759e-07,1.54425666666667e-07,1.09009e-07,8.6509e-08,8.34732857142857e-08,6.1759e-08,6.3259e-08,2.81756666666667e-08,2.12884117647059e-08,3.7759e-08,4.22034444444444e-08,1.98178235294118e-08,2.2759e-08,8.44081818181818e-09,2.03780476190476e-08,1.13304285714286e-08,7.93757142857141e-09,1.63304285714286e-08,5.17620689655182e-10,-2.41957142857143e-09,-5.74333333333305e-10,7.04471428571426e-09,-4.04655555555555e-09,-3.21322222222222e-09,-4.50290476190473e-09,-2.0411731707317e-08,-1.7991e-08,-1.25670869565218e-08,-1.45665813953488e-08,-5.04100000000003e-09,-9.22016666666667e-09,-9.90057446808509e-09,-7.72176923076923e-09,-1.17052857142857e-08,-1.58124285714286e-08,-1.73287192982456e-08,-1.84017142857143e-08,-1.52248709677419e-08,-1.71562542372881e-08,-1.20894848484848e-08,-1.61926129032258e-08,-1.05743333333333e-08,-9.41491304347821e-09,-4.36221212121211e-09,-1.61599999999998e-09,3.55610144927539e-09,-2.04363157894734e-09,4.56368421052639e-10,7.79134228187916e-10,6.23228244274808e-09
1.06944e-07,1.34444e-07,1.30277333333333e-07,9.5694e-08,9.5069e-08,7.76582857142858e-08,5.9444e-08,5.4944e-08,5.48606666666667e-08,4.57675294117647e-08,4.76582857142857e-08,4.6944e-08,2.92969411764706e-08,2.53530909090909e-08,2.08076363636364e-08,2.48011428571428e-08,6.58685714285718e-09,6.05114285714286e-09,1.89082857142858e-08,-9.87034482758592e-10,-3.59171428571426e-09,-5.55599999999997e-09,-3.91314285714284e-09,-1.04171111111111e-08,-1.15282222222222e-08,-1.43655238095238e-08,-2.35438048780488e-08,-2.5181e-08,-2.06646956521739e-08,-1.87536744186047e-08,-2.1256e-08,-2.00351666666667e-08,-2.29496170212766e-08,-1.90175384615385e-08,-1.50202857142857e-08,-2.10917142857143e-08,-1.71788070175438e-08,-1.59131428571429e-08,-1.63624516129032e-08,-1.55983728813559e-08,-1.13135757575757e-08,-1.37818064516129e-08,-3.3590303030303e-09,-1.09545507246377e-08,-8.66206060606063e-09,-4.09766666666667e-09,5.27733333333332e-09,1.15452631578951e-09,6.87821052631579e-09,4.89702013422821e-09,1.03027786259542e-08
1.92719e-07,1.60219e-07,9.7719e-08,1.08969e-07,8.45939999999999e-08,4.2719e-08,5.2719e-08,5.3719e-08,2.85523333333333e-08,3.83072352941176e-08,5.48618571428571e-08,3.85523333333333e-08,2.80131176470588e-08,3.84008181818181e-08,2.40826363636363e-08,1.70047142857142e-08,1.66475714285714e-08,1.34332857142857e-08,1.03975714285714e-08,8.75348275862065e-09,3.43328571428571e-09,-5.61433333333333e-09,4.43328571428568e-09,-5.1976666666667e-09,-5.61433333333333e-09,-1.02571904761905e-08,-6.67124390243902e-09,-1.1406e-08,8.71173913043443e-10,-1.11182093023256e-08,-1.5081e-08,-9.88516666666668e-09,-1.98341914893617e-08,-1.46848461538462e-08,-1.67452857142857e-08,-1.95131428571429e-08,-1.71932807017544e-08,-6.92385714285719e-09,-9.94229032258068e-09,-1.02471016949153e-08,-5.08403030303035e-09,-5.99067741935485e-09,-7.05372727272729e-09,-1.00346231884058e-08,-7.20524242424243e-09,-7.28100000000002e-09,-4.88969565217394e-09,-6.16257894736845e-09,2.9163684210526e-09,-3.72395302013424e-09,4.0548778625954e-09
2e-07,1.65e-07,1.28333333333333e-07,7.5e-08,5.9375e-08,5.42857142857143e-08,3.85e-08,2.95e-08,3.29166666666667e-08,2.70588235294118e-08,4.03571428571428e-08,3.63888888888889e-08,2.47058823529412e-08,1.34090909090909e-08,3.63636363636361e-09,8.33333333333334e-09,2.85714285714284e-09,6.60714285714285e-09,1.14285714285714e-08,-9.6551724137931e-09,-1e-08,-4.86111111111112e-09,-1.18571428571429e-08,-1.38888888888889e-08,-9.02777777777779e-09,-9.64285714285715e-09,-7.43902439024391e-09,-2.0375e-08,-1.05434782608696e-08,-1.1046511627907e-08,-6.50000000000001e-09,-1.32291666666667e-08,-7.76595744680852e-09,-1.13461538461539e-08,-6.87500000000001e-09,-1.5e-08,-9.73684210526315e-09,-8.66071428571429e-09,-1.33870967741936e-08,-1.22881355932203e-08,-2.95454545454547e-09,-4.51612903225806e-09,-5.15151515151514e-09,-1.18840579710145e-08,-8.33333333333334e-09,-2.01388888888889e-09,1.01449275362318e-09,5.98684210526316e-09,9.53947368421052e-09,3.02013422818792e-09,5.57251908396944e-09
8.8604e-08,1.16104e-07,1.05270666666667e-07,7.6104e-08,6.7354e-08,4.93182857142858e-08,4.5104e-08,4.6604e-08,2.81873333333333e-08,2.15451764705882e-08,3.28897142857143e-08,2.91595555555556e-08,1.33098823529412e-08,1.20130909090909e-08,1.08767272727273e-08,5.5087619047619e-09,7.35400000000003e-09,1.99685714285716e-09,6.28257142857144e-09,-8.29255172413794e-09,-1.33602857142857e-08,-8.61822222222221e-09,-1.61102857142857e-08,-1.43126666666666e-08,-7.64599999999996e-09,-1.48483809523809e-08,-1.62740487804878e-08,-2.0271e-08,-1.60699130434782e-08,-7.32623255813951e-09,-7.89599999999998e-09,-5.45849999999998e-09,-1.72470638297872e-08,-1.0146e-08,-9.43171428571427e-09,-1.06817142857143e-08,-8.67670175438593e-09,1.21857142857179e-10,-1.1396e-08,-6.05701694915253e-09,-2.98690909090909e-09,-7.8476129032258e-09,-2.15357575757571e-09,-3.5699130434782e-09,-1.54751515151513e-09,-2.57655555555555e-09,5.19820289855077e-09,2.88031578947371e-09,9.13031578947373e-09,1.38923489932888e-09,9.40552671755729e-09
1.37591e-07,1.35091e-07,8.92576666666667e-08,1.02591e-07,6.2591e-08,3.90195714285715e-08,4.4091e-08,5.4091e-08,3.34243333333333e-08,3.02380588235295e-08,3.7591e-08,3.20354444444444e-08,3.17086470588235e-08,2.91819090909091e-08,1.16819090909091e-08,1.64005238095238e-08,1.41981428571429e-08,1.27695714285714e-08,2.52695714285714e-08,-1.20210344827587e-09,-2.66142857142838e-10,-2.54788888888886e-09,9.8767142857143e-09,-7.82566666666664e-09,-5.8812222222222e-09,-8.00423809523809e-09,-1.83846097560976e-08,-2.1034e-08,-1.57785652173913e-08,-1.12462093023256e-08,-1.3509e-08,-1.39715e-08,-1.31536808510638e-08,-1.38513076923077e-08,-8.56971428571427e-09,-1.6159e-08,-1.13563684210526e-08,-4.01614285714283e-09,-1.42638387096774e-08,-1.69852711864407e-08,-1.35453636363636e-08,-6.8444838709677e-09,-6.57566666666665e-09,-8.85827536231885e-09,-7.18172727272725e-09,-8.93677777777777e-09,-1.68436231884056e-09,-6.15899999999997e-09,2.26205263157895e-09,-3.34859731543624e-09,9.07954961832061e-09
1.30256e-07,2.05256e-07,1.51922666666667e-07,1.34006e-07,1.28381e-07,7.81131428571428e-08,4.9256e-08,3.8256e-08,3.23393333333333e-08,3.46677647058824e-08,3.31131428571429e-08,2.83115555555556e-08,1.46677647058824e-08,1.50287272727273e-08,1.38923636363636e-08,1.54940952380953e-08,5.43457142857141e-09,1.2756e-08,9.36314285714286e-09,-7.78482758620664e-10,-4.56542857142855e-09,2.47822222222221e-09,6.54171428571433e-09,2.756e-09,-4.04955555555556e-09,-6.41066666666667e-09,-1.08415609756097e-08,-1.7869e-08,-8.54834782608693e-09,-7.88353488372093e-09,-1.94399999999998e-09,-1.12023333333333e-08,-7.5099574468085e-09,-1.07055384615384e-08,-8.67257142857143e-09,-2.01904285714286e-08,-1.42176842105263e-08,-1.57261428571428e-08,-2.43407741935484e-08,-2.17778983050847e-08,-1.76985454545454e-08,-1.51472258064516e-08,-1.20924848484848e-08,-4.16428985507245e-09,-3.30460606060602e-09,-6.8273333333333e-09,-4.88892753623187e-09,-3.36105263157911e-10,1.50600000000001e-09,3.98083221476511e-09,5.98119083969463e-09
1.36096e-07,7.1096e-08,3.77626666666667e-08,5.7346e-08,3.3596e-08,1.68102857142857e-08,2.3096e-08,2.8096e-08,7.76266666666665e-09,9.62541176470589e-09,2.07388571428571e-08,1.41515555555555e-08,-1.25694117647057e-09,1.38232727272727e-08,1.55054545454546e-09,-4.85638095238094e-09,5.91742857142857e-09,1.19888571428571e-08,1.98885714285715e-09,-3.38675862068965e-09,-1.58257142857143e-09,2.06822222222222e-09,3.23885714285714e-09,-4.04288888888889e-09,-2.3762222222222e-09,-2.1182857142857e-09,-9.63570731707317e-09,-9.02899999999998e-09,-8.68660869565216e-09,-7.85748837209304e-09,-8.604e-09,-8.59149999999999e-09,-9.86144680851064e-09,-7.26938461538462e-09,-3.63614285714285e-09,-1.13147142857143e-08,-1.20618947368421e-08,2.25671428571428e-09,-7.04916129032257e-09,-7.80230508474575e-09,-4.28278787878785e-09,-7.53303225806451e-09,-4.51006060606061e-09,-4.33878260869564e-09,-3.97975757575757e-09,-7.09555555555554e-10,-2.45472463768114e-09,3.79336842105264e-09,-6.14526315789457e-10,2.30405369127518e-09,4.5311145038168e-09
1.23184e-07,1.13184e-07,8.3184e-08,7.5684e-08,7.9434e-08,5.88982857142857e-08,3.9184e-08,4.7684e-08,3.11006666666667e-08,2.17134117647059e-08,2.78268571428571e-08,2.8184e-08,2.20075294117647e-08,2.04567272727273e-08,9.54763636363638e-09,1.53268571428572e-08,1.75542857142859e-09,9.07685714285717e-09,4.434e-09,-1.47117241379308e-09,-1.9945714285714e-09,-7.9271111111111e-09,-8.10171428571427e-09,-7.23266666666665e-09,-5.56599999999999e-09,-1.32445714285714e-08,-6.20624390243902e-09,-1.6566e-08,-8.22904347826086e-09,-1.23973953488372e-08,-9.81599999999999e-09,-7.54516666666665e-09,-1.05394042553191e-08,-8.93138461538461e-09,-1.17267142857143e-08,-1.2441e-08,-1.22545964912281e-08,-1.19052857142857e-08,-9.316e-09,-1.02905762711864e-08,-1.03008484848485e-08,-9.23535483870969e-09,-3.55842424242423e-09,-5.51165217391305e-09,-4.46751515151516e-09,-9.316e-09,-4.35223188405795e-09,1.27610526315789e-09,3.11821052631579e-09,-2.21868456375836e-09,5.05422900763362e-09
2.18396e-07,1.60896e-07,1.23396e-07,1.04646e-07,6.9646e-08,4.48245714285714e-08,5.5396e-08,3.6896e-08,3.7146e-08,2.1631294117647e-08,3.87531428571428e-08,3.0896e-08,3.19254117647059e-08,3.13505454545455e-08,1.49869090909091e-08,1.41102857142857e-08,8.39599999999996e-09,1.35745714285714e-08,1.26817142857142e-08,-2.12124137931035e-09,-1.32111428571429e-08,-8.96511111111114e-09,-3.60400000000001e-09,-6.04844444444449e-09,-9.52066666666668e-09,-1.27944761904762e-08,-1.30674146341464e-08,-1.7729e-08,-9.97356521739131e-09,-8.2319069767442e-09,-9.20400000000003e-09,-9.62483333333336e-09,-1.56465531914894e-08,-5.35400000000001e-09,-1.16932857142857e-08,-1.33897142857143e-08,-1.23057543859649e-08,-4.63971428571431e-09,-1.96685161290323e-08,-1.49938305084746e-08,-1.1073696969697e-08,-1.36201290322581e-08,-1.37252121212121e-08,-1.09518260869565e-08,-5.16460606060606e-09,-3.1317777777778e-09,2.80057971014478e-10,2.54073684210525e-09,1.0652631578949e-10,1.2483489932886e-09,7.25096183206104e-09
1.93536e-07,2.28536e-07,1.26869333333333e-07,1.01036e-07,1.01036e-07,6.13931428571429e-08,6.4036e-08,2.2036e-08,3.56193333333333e-08,2.8536e-08,3.71074285714286e-08,2.52026666666667e-08,1.88301176470588e-08,1.89905454545454e-08,6.71781818181816e-09,3.77409523809524e-09,-2.14000000000004e-10,1.92885714285716e-09,1.51431428571428e-08,-7.84331034482758e-09,-1.1464e-08,-6.32511111111109e-09,-8.03542857142857e-09,-6.88066666666668e-09,-1.28528888888889e-08,-1.86068571428571e-08,-2.19518048780488e-08,-2.1839e-08,-2.2768347826087e-08,-2.07663255813953e-08,-2.0564e-08,-1.22973333333333e-08,-1.01874042553191e-08,-8.48323076923077e-09,-1.42318571428571e-08,-1.43211428571429e-08,-1.42710175438597e-08,-1.46782857142857e-08,-1.38833548387097e-08,-1.34131525423729e-08,-3.81248484848486e-09,-1.21091612903226e-08,-2.90339393939393e-09,-2.26110144927535e-09,5.81454545454545e-10,-4.51955555555556e-09,4.98527536231883e-09,8.93073684210526e-09,9.98336842105264e-09,1.06836510067114e-08,1.38413435114504e-08
